Timestamp,Efficiency_%,Predicted_RUL_Hours,Actual_RUL_Hours,Status
2026-07-24 00:00:12,68.74,437.1,512.2,All Good
2026-07-24 00:00:12,63.75,187.7,182.9,Warning
2026-07-24 00:00:17,73.35,667.5,667.6,All Good
2026-07-24 00:00:22,76.27,813.4,829.0,All Good
2026-07-24 00:00:27,65.1,254.8,255.1,All Good
2026-07-24 00:00:32,61.25,62.7,62.7,Critical Risk
2026-07-24 00:00:37,62.17,108.6,72.5,Warning
2026-07-24 00:00:42,61.59,79.6,82.9,Critical Risk
2026-07-24 00:00:47,64.0,199.9,195.0,Warning
2026-07-24 00:00:52,64.27,213.6,213.5,All Good
2026-07-24 00:00:57,63.5,175.1,174.5,Warning
2026-07-24 00:01:02,67.09,354.4,358.3,All Good
2026-07-24 00:01:07,65.27,263.6,262.4,All Good
2026-07-24 00:01:12,64.13,206.3,206.3,All Good
2026-07-24 00:01:17,63.26,163.1,115.8,Warning
2026-07-24 00:01:22,75.72,786.2,786.3,All Good
2026-07-24 00:01:27,76.44,822.0,822.3,All Good
2026-07-24 00:01:32,66.45,322.3,323.1,All Good
2026-07-24 00:01:37,62.0,99.8,99.7,Warning
2026-07-24 00:01:42,66.03,301.3,352.4,All Good
2026-07-24 00:01:47,63.28,163.9,164.4,Warning
2026-07-24 00:02:44,68.16,408.1,408.2,All Good
2026-07-24 00:02:44,60.17,8.6,8.6,Critical Risk
2026-07-24 00:02:49,64.26,213.1,213.1,All Good
2026-07-24 00:02:55,72.92,646.2,647.1,All Good
2026-07-24 00:03:00,69.59,479.6,478.4,All Good
2026-07-24 00:03:05,62.19,109.7,109.8,Warning
2026-07-24 00:03:10,64.81,240.5,235.9,All Good
2026-07-24 00:03:14,60.18,9.0,9.5,Critical Risk
2026-07-24 00:03:19,70.53,526.5,526.5,All Good
2026-07-24 00:03:24,63.24,162.1,156.5,Warning
2026-07-24 00:03:29,65.21,260.5,260.2,All Good
2026-07-24 00:03:34,60.59,29.5,29.4,Critical Risk
2026-07-24 00:03:39,64.13,206.6,201.0,All Good
2026-07-24 00:03:44,60.92,46.2,46.2,Critical Risk
2026-07-24 00:03:49,60.38,19.2,4.3,Critical Risk
2026-07-24 00:03:54,60.79,39.4,39.0,Critical Risk
2026-07-24 00:03:59,65.68,284.2,284.6,All Good
2026-07-24 00:04:04,74.75,737.3,737.8,All Good
2026-07-24 00:04:09,66.84,341.8,342.4,All Good
2026-07-24 00:04:14,60.07,3.3,3.1,Critical Risk
2026-07-24 00:04:19,71.65,582.7,584.1,All Good
2026-07-24 00:04:24,70.71,535.3,535.4,All Good
2026-07-24 00:04:29,62.89,144.7,143.6,Warning
2026-07-24 00:04:34,73.75,687.6,687.5,All Good
2026-07-24 00:04:39,74.53,726.7,726.4,All Good
2026-07-24 00:04:44,60.13,6.5,6.5,Critical Risk
2026-07-24 00:04:49,62.59,129.3,129.3,Warning
2026-07-24 00:04:54,74.05,702.6,702.6,All Good
2026-07-24 00:04:59,61.56,78.1,63.7,Critical Risk
2026-07-24 00:05:04,72.18,609.1,601.7,All Good
2026-07-24 00:05:09,63.38,169.2,164.3,Warning
2026-07-24 00:05:14,63.65,182.5,182.6,Warning
2026-07-24 00:05:19,66.55,327.3,332.0,All Good
2026-07-24 00:05:24,63.78,189.0,189.0,Warning
2026-07-24 00:05:29,63.66,182.8,182.8,Warning
2026-07-24 00:05:34,66.74,336.9,339.0,All Good
2026-07-24 00:05:39,60.37,18.6,1.1,Critical Risk
2026-07-24 00:05:44,61.36,68.0,68.2,Critical Risk
2026-07-24 00:05:49,66.13,306.5,306.7,All Good
2026-07-24 00:05:54,69.96,497.9,497.9,All Good
2026-07-24 00:05:59,66.6,330.1,330.1,All Good
2026-07-24 00:06:04,65.23,261.5,261.6,All Good
2026-07-24 00:06:09,61.77,88.7,88.8,Warning
2026-07-24 00:06:14,63.66,183.1,197.2,Warning
2026-07-24 00:06:19,62.85,142.6,143.4,Warning
2026-07-24 00:06:24,71.73,586.7,586.5,All Good
2026-07-24 00:06:29,66.42,321.1,321.0,All Good
2026-07-24 00:06:34,60.2,9.8,10.1,Critical Risk
2026-07-24 00:06:39,67.09,354.7,359.2,All Good
2026-07-24 00:06:44,70.88,543.9,816.6,All Good
2026-07-24 00:06:49,64.56,228.1,228.0,All Good
2026-07-24 00:06:54,61.35,67.3,68.0,Critical Risk
2026-07-24 00:07:00,62.96,148.1,152.2,Warning
2026-07-24 00:07:05,61.82,90.9,73.5,Warning
2026-07-24 00:07:10,60.48,23.8,13.0,Critical Risk
2026-07-24 00:07:15,66.0,300.1,300.2,All Good
2026-07-24 00:07:20,63.78,188.9,188.8,Warning
2026-07-24 00:07:25,61.06,53.1,53.3,Critical Risk
2026-07-24 00:07:30,61.51,75.3,81.0,Critical Risk
2026-07-24 00:07:35,60.98,48.8,49.6,Critical Risk
2026-07-24 00:07:40,61.01,50.5,50.5,Critical Risk
2026-07-24 00:07:45,65.27,263.7,263.7,All Good
2026-07-24 00:07:50,64.81,240.4,240.7,All Good
2026-07-24 00:07:55,74.28,714.2,714.3,All Good
2026-07-24 00:08:11,66.96,348.1,346.6,All Good
2026-07-24 00:09:11,63.33,166.5,166.6,Warning
2026-07-24 00:10:11,72.55,627.4,630.7,All Good
2026-07-24 00:10:17,73.59,679.3,679.2,All Good
2026-07-24 00:10:19,62.61,130.5,130.5,Warning
2026-07-24 00:10:20,62.14,107.0,98.5,Warning
2026-07-24 00:10:20,60.92,45.9,46.0,Critical Risk
2026-07-24 00:10:25,63.4,170.2,169.8,Warning
2026-07-24 00:10:31,70.85,542.5,541.8,All Good
2026-07-24 00:10:35,76.04,801.9,802.0,All Good
2026-07-24 00:10:40,66.9,345.2,363.8,All Good
2026-07-24 00:10:45,66.77,338.4,340.3,All Good
2026-07-24 00:10:51,61.39,69.3,68.6,Critical Risk
2026-07-24 00:10:56,73.89,694.6,694.5,All Good
2026-07-24 00:11:01,65.44,272.0,273.8,All Good
2026-07-24 00:11:06,62.26,113.0,112.6,Warning
2026-07-24 00:11:11,69.95,497.6,497.7,All Good
2026-07-24 00:11:16,73.11,655.4,655.2,All Good
2026-07-24 00:11:21,66.82,341.2,342.0,All Good
2026-07-24 00:11:26,60.69,34.6,33.8,Critical Risk
2026-07-24 00:11:31,65.88,294.0,294.8,All Good
2026-07-24 00:11:36,61.54,77.1,72.6,Critical Risk
2026-07-24 00:11:41,60.95,47.5,48.4,Critical Risk
2026-07-24 00:12:11,61.45,72.3,72.3,Critical Risk
2026-07-24 00:13:11,62.33,116.3,119.3,Warning
2026-07-24 00:14:11,63.57,178.5,182.9,Warning
2026-07-24 00:15:11,68.66,432.9,433.0,All Good
2026-07-24 00:16:11,61.63,81.5,81.3,Warning
2026-07-24 00:17:11,61.85,92.5,74.0,Warning
2026-07-24 00:18:11,70.08,504.2,509.7,All Good
2026-07-24 00:19:11,62.74,136.8,125.5,Warning
2026-07-24 00:19:44,70.39,519.6,519.5,All Good
2026-07-24 00:19:45,76.15,807.7,807.6,All Good
2026-07-24 00:24:21,74.18,709.1,738.6,All Good
2026-07-24 00:24:21,74.8,739.8,740.0,All Good
2026-07-24 00:24:26,60.83,41.4,40.6,Critical Risk
2026-07-24 00:24:31,60.29,14.6,12.4,Critical Risk
2026-07-24 00:24:36,62.23,111.7,106.3,Warning
2026-07-24 00:24:52,63.73,186.4,186.6,Warning
2026-07-24 00:24:52,62.75,137.7,137.6,Warning
2026-07-24 00:24:56,62.39,119.4,11.9,Warning
2026-07-24 00:25:01,64.48,223.9,223.2,All Good
2026-07-24 00:25:06,63.71,185.3,197.1,Warning
2026-07-24 00:25:11,72.46,623.0,623.3,All Good
2026-07-24 00:25:16,72.66,633.0,633.4,All Good
2026-07-24 00:25:21,60.4,19.9,19.8,Critical Risk
2026-07-24 00:25:26,68.62,430.9,430.9,All Good
2026-07-24 00:25:31,62.09,104.4,98.1,Warning
2026-07-24 00:25:36,62.21,110.3,42.0,Warning
2026-07-24 00:25:41,61.63,81.5,81.9,Warning
2026-07-24 00:25:46,73.81,690.3,690.5,All Good
2026-07-24 00:25:51,71.77,588.5,588.6,All Good
2026-07-24 00:25:56,67.34,366.8,377.9,All Good
2026-07-24 00:26:01,75.21,760.3,772.9,All Good
2026-07-24 00:26:06,65.26,263.2,264.2,All Good
2026-07-24 00:26:11,61.3,65.1,66.5,Critical Risk
2026-07-24 00:26:16,71.16,558.0,558.1,All Good
2026-07-24 00:26:21,63.64,181.8,181.9,Warning
2026-07-24 00:26:26,61.14,56.8,54.6,Critical Risk
2026-07-24 00:26:31,68.23,411.6,419.8,All Good
2026-07-24 00:26:36,60.65,32.6,33.2,Critical Risk
2026-07-24 00:26:41,64.22,210.9,210.7,All Good
2026-07-24 00:26:46,67.31,365.7,371.7,All Good
2026-07-24 00:26:51,65.92,295.8,295.9,All Good
2026-07-24 00:26:56,74.69,734.5,734.4,All Good
2026-07-24 00:27:01,60.84,42.1,42.1,Critical Risk
2026-07-24 00:27:06,70.95,547.6,547.7,All Good
2026-07-24 00:27:11,69.48,473.8,477.0,All Good
2026-07-24 00:27:16,68.59,429.7,424.8,All Good
2026-07-24 00:27:21,65.17,258.6,258.9,All Good
2026-07-24 00:27:26,63.44,172.1,171.2,Warning
2026-07-24 00:27:32,62.38,119.0,120.4,Warning
2026-07-24 00:27:37,64.16,208.0,205.8,All Good
2026-07-24 00:27:41,60.13,6.4,6.6,Critical Risk
2026-07-24 00:27:46,65.14,256.8,256.9,All Good
2026-07-24 00:27:51,65.62,281.0,278.2,All Good
2026-07-24 00:27:56,60.69,34.6,34.7,Critical Risk
2026-07-24 00:28:01,73.72,686.2,686.1,All Good
2026-07-24 00:28:06,64.81,240.6,226.5,All Good
2026-07-24 00:28:11,65.05,252.3,254.0,All Good
2026-07-24 00:28:16,64.81,240.4,240.3,All Good
2026-07-24 00:28:21,60.13,6.6,6.5,Critical Risk
2026-07-24 00:28:26,75.32,766.2,774.2,All Good
2026-07-24 00:28:31,62.31,115.5,110.8,Warning
2026-07-24 00:28:36,62.45,122.6,122.6,Warning
2026-07-24 00:28:41,62.43,121.5,123.7,Warning
2026-07-24 00:28:46,63.53,176.6,176.6,Warning
2026-07-24 00:28:51,61.44,71.9,71.9,Critical Risk
2026-07-24 00:28:56,76.15,807.3,821.4,All Good
2026-07-24 00:29:01,61.83,91.6,89.6,Warning
2026-07-24 00:29:06,61.93,96.6,96.7,Warning
2026-07-24 00:29:11,61.46,73.2,12.2,Critical Risk
2026-07-24 00:29:16,67.35,367.3,369.1,All Good
2026-07-24 00:29:21,60.8,39.9,40.0,Critical Risk
2026-07-24 00:29:26,60.44,22.1,22.1,Critical Risk
2026-07-24 00:29:31,61.12,56.0,56.0,Critical Risk
2026-07-24 00:29:36,67.72,385.8,385.3,All Good
2026-07-24 00:29:41,75.07,753.4,753.5,All Good
2026-07-24 00:29:46,67.85,392.4,391.6,All Good
2026-07-24 00:29:51,71.73,586.5,586.0,All Good
2026-07-24 00:29:56,65.74,287.1,287.5,All Good
2026-07-24 00:30:02,62.89,144.3,146.8,Warning
2026-07-24 00:30:07,63.04,152.2,152.3,Warning
2026-07-24 00:30:12,66.23,311.4,311.5,All Good
2026-07-24 00:30:17,60.4,19.9,19.8,Critical Risk
2026-07-24 00:30:22,62.47,123.5,123.5,Warning
2026-07-24 00:30:27,72.82,641.0,641.0,All Good
2026-07-24 00:30:32,61.03,51.3,51.3,Critical Risk
2026-07-24 00:30:37,67.42,371.2,377.2,All Good
2026-07-24 00:30:42,65.97,298.5,298.6,All Good
2026-07-24 00:30:47,63.18,159.1,156.2,Warning
2026-07-24 00:30:52,63.93,196.5,196.6,Warning
2026-07-24 00:30:57,64.95,247.7,247.8,All Good
2026-07-24 00:31:11,61.03,51.4,42.0,Critical Risk
2026-07-24 00:32:11,61.69,84.3,46.1,Warning
2026-07-24 00:32:43,74.83,741.7,741.5,All Good
2026-07-24 00:32:43,62.15,107.7,107.2,Warning
2026-07-24 00:32:48,62.93,146.6,147.4,Warning
2026-07-24 00:32:53,69.09,454.6,745.1,All Good
2026-07-24 00:32:58,66.67,333.4,333.1,All Good
2026-07-24 00:33:02,65.81,290.5,290.3,All Good
2026-07-24 00:33:02,73.26,662.9,664.0,All Good
2026-07-24 00:33:03,61.31,65.3,65.5,Critical Risk
2026-07-24 00:33:03,63.43,171.6,172.0,Warning
2026-07-24 00:33:04,61.0,50.2,50.3,Critical Risk
2026-07-24 00:33:08,60.78,38.9,38.9,Critical Risk
2026-07-24 00:33:08,63.09,154.5,153.3,Warning
2026-07-24 00:33:13,60.69,34.5,34.6,Critical Risk
2026-07-24 00:33:13,66.11,305.5,305.2,All Good
2026-07-24 00:33:18,61.54,77.0,76.9,Critical Risk
2026-07-24 00:33:18,62.83,141.4,148.6,Warning
2026-07-24 00:33:23,64.75,237.6,236.8,All Good
2026-07-24 00:33:23,74.43,721.6,721.9,All Good
2026-07-24 00:33:28,68.06,403.0,402.9,All Good
2026-07-24 00:33:28,68.23,411.7,411.7,All Good
2026-07-24 00:33:33,63.56,178.0,178.0,Warning
2026-07-24 00:33:33,63.13,156.7,154.2,Warning
2026-07-24 00:33:38,62.16,108.2,89.0,Warning
2026-07-24 00:33:38,60.26,12.8,12.8,Critical Risk
2026-07-24 00:33:43,63.44,171.9,169.1,Warning
2026-07-24 00:33:43,66.93,346.3,345.9,All Good
2026-07-24 00:33:48,63.33,166.6,163.5,Warning
2026-07-24 00:33:48,64.39,219.3,219.2,All Good
2026-07-24 00:33:53,60.69,34.4,34.4,Critical Risk
2026-07-24 00:33:53,62.8,140.0,140.4,Warning
2026-07-24 00:33:58,60.59,29.5,29.0,Critical Risk
2026-07-24 00:33:58,60.96,48.1,46.0,Critical Risk
2026-07-24 00:34:03,62.68,133.8,15.5,Warning
2026-07-24 00:34:03,61.02,51.0,50.9,Critical Risk
2026-07-24 00:34:08,67.11,355.4,355.6,All Good
2026-07-24 00:34:08,60.35,17.4,17.3,Critical Risk
2026-07-24 00:34:13,61.51,75.4,75.5,Critical Risk
2026-07-24 00:34:13,61.53,76.7,76.8,Critical Risk
2026-07-24 00:34:18,62.76,138.2,138.3,Warning
2026-07-24 00:34:18,64.19,209.5,214.5,All Good
2026-07-24 00:34:23,60.7,34.8,38.0,Critical Risk
2026-07-24 00:34:23,76.41,820.4,820.5,All Good
2026-07-24 00:34:28,60.82,40.9,40.1,Critical Risk
2026-07-24 00:34:28,68.79,439.4,439.4,All Good
2026-07-24 00:34:33,65.69,284.3,284.8,All Good
2026-07-24 00:34:33,75.97,798.4,798.5,All Good
2026-07-24 00:34:38,62.13,106.5,107.2,Warning
2026-07-24 00:34:38,61.24,62.0,62.2,Critical Risk
2026-07-24 00:34:43,61.96,98.0,99.8,Warning
2026-07-24 00:34:43,61.28,63.8,64.5,Critical Risk
2026-07-24 00:34:48,66.1,304.9,300.1,All Good
2026-07-24 00:34:48,61.82,90.9,90.8,Warning
2026-07-24 00:34:53,68.85,442.3,442.2,All Good
2026-07-24 00:34:53,66.21,310.6,310.6,All Good
2026-07-24 00:34:58,61.02,51.2,51.9,Critical Risk
2026-07-24 00:34:58,64.89,244.3,244.2,All Good
2026-07-24 00:35:03,63.61,180.7,180.7,Warning
2026-07-24 00:35:03,73.89,694.6,694.8,All Good
2026-07-24 00:35:08,61.53,76.6,63.0,Critical Risk
2026-07-24 00:35:08,62.22,111.1,87.6,Warning
2026-07-24 00:35:13,60.67,33.3,33.3,Critical Risk
2026-07-24 00:35:13,61.14,56.9,57.0,Critical Risk
2026-07-24 00:35:18,61.74,87.1,87.0,Warning
2026-07-24 00:35:18,75.4,770.2,770.7,All Good
2026-07-24 00:35:23,65.19,259.6,259.6,All Good
2026-07-24 00:35:23,70.85,542.5,542.2,All Good
2026-07-24 00:35:28,65.31,265.4,266.5,All Good
2026-07-24 00:35:28,65.62,281.2,281.2,All Good
2026-07-24 00:35:33,61.0,50.0,50.7,Critical Risk
2026-07-24 00:35:33,60.7,35.1,35.0,Critical Risk
2026-07-24 00:35:38,64.46,223.2,228.2,All Good
2026-07-24 00:35:38,64.12,206.2,206.7,All Good
2026-07-24 00:35:43,74.63,731.3,732.3,All Good
2026-07-24 00:35:43,74.35,717.5,717.4,All Good
2026-07-24 00:35:48,70.17,508.5,508.6,All Good
2026-07-24 00:35:48,71.88,593.9,594.1,All Good
2026-07-24 00:35:53,63.24,161.8,161.8,Warning
2026-07-24 00:35:53,61.63,81.6,81.8,Warning
2026-07-24 00:35:58,61.21,60.6,59.2,Critical Risk
2026-07-24 00:35:58,62.66,133.0,132.8,Warning
2026-07-24 00:36:03,67.47,373.5,372.9,All Good
2026-07-24 00:36:03,66.95,347.4,347.6,All Good
2026-07-24 00:36:08,65.22,261.1,269.8,All Good
2026-07-24 00:36:08,61.28,63.8,46.0,Critical Risk
2026-07-24 00:36:13,62.89,144.3,143.9,Warning
2026-07-24 00:36:13,71.85,592.5,592.6,All Good
2026-07-24 00:36:18,65.45,272.4,270.6,All Good
2026-07-24 00:36:18,65.82,290.9,315.9,All Good
2026-07-24 00:36:23,63.67,183.4,183.9,Warning
2026-07-24 00:36:23,66.64,332.1,331.9,All Good
2026-07-24 00:36:28,62.02,101.2,101.9,Warning
2026-07-24 00:36:28,66.92,345.9,359.1,All Good
2026-07-24 00:36:33,74.67,733.3,733.1,All Good
2026-07-24 00:36:33,68.94,447.1,447.7,All Good
2026-07-24 00:36:38,64.69,234.4,226.2,All Good
2026-07-24 00:36:38,72.48,624.0,625.3,All Good
2026-07-24 00:36:43,64.27,213.3,213.3,All Good
2026-07-24 00:36:43,63.17,158.5,157.5,Warning
2026-07-24 00:36:48,74.21,710.6,710.5,All Good
2026-07-24 00:36:48,65.36,267.9,267.3,All Good
2026-07-24 00:36:53,61.17,58.5,58.4,Critical Risk
2026-07-24 00:36:53,71.01,550.6,540.2,All Good
2026-07-24 00:36:58,61.63,81.3,81.5,Warning
2026-07-24 00:36:58,68.18,408.8,409.0,All Good
2026-07-24 00:37:03,61.38,68.8,68.9,Critical Risk
2026-07-24 00:37:03,64.8,239.8,240.2,All Good
2026-07-24 00:37:08,72.77,638.3,638.8,All Good
2026-07-24 00:37:08,74.84,742.2,755.8,All Good
2026-07-24 00:37:13,62.33,116.4,116.0,Warning
2026-07-24 00:37:14,74.21,710.4,709.9,All Good
2026-07-24 00:37:18,70.27,513.7,513.6,All Good
2026-07-24 00:37:19,62.49,124.3,129.0,Warning
2026-07-24 00:37:23,62.83,141.7,140.3,Warning
2026-07-24 00:37:23,62.17,108.6,108.7,Warning
2026-07-24 00:37:28,65.24,262.1,262.1,All Good
2026-07-24 00:37:28,66.75,337.3,337.2,All Good
2026-07-24 00:37:33,69.68,484.0,493.0,All Good
2026-07-24 00:37:33,60.68,34.0,39.1,Critical Risk
2026-07-24 00:37:38,62.78,139.2,138.8,Warning
2026-07-24 00:37:38,62.58,129.1,129.2,Warning
2026-07-24 00:37:43,65.59,279.5,279.6,All Good
2026-07-24 00:37:43,61.87,93.5,93.5,Warning
2026-07-24 00:37:48,64.68,234.2,233.4,All Good
2026-07-24 00:37:48,61.86,92.8,92.9,Warning
2026-07-24 00:37:53,67.13,356.6,356.4,All Good
2026-07-24 00:37:53,61.88,94.1,96.9,Warning
2026-07-24 00:37:58,67.64,381.9,381.9,All Good
2026-07-24 00:37:58,64.78,239.0,238.4,All Good
2026-07-24 00:38:03,69.96,497.9,508.9,All Good
2026-07-24 00:38:03,73.93,696.6,698.4,All Good
2026-07-24 00:38:08,60.49,24.7,24.6,Critical Risk
2026-07-24 00:38:08,64.51,225.6,225.1,All Good
2026-07-24 00:38:13,62.43,121.6,109.8,Warning
2026-07-24 00:38:13,73.4,669.9,670.0,All Good
2026-07-24 00:38:18,60.97,48.3,48.2,Critical Risk
2026-07-24 00:38:18,63.89,194.7,194.7,Warning
2026-07-24 00:38:23,68.09,404.3,394.0,All Good
2026-07-24 00:38:23,61.27,63.4,63.2,Critical Risk
2026-07-24 00:38:29,61.73,86.6,75.8,Warning
2026-07-24 00:38:29,60.17,8.3,8.4,Critical Risk
2026-07-24 00:38:33,61.9,94.9,94.9,Warning
2026-07-24 00:38:33,69.25,462.6,442.5,All Good
2026-07-24 00:38:38,67.93,396.6,396.9,All Good
2026-07-24 00:38:38,61.81,90.4,90.5,Warning
2026-07-24 00:38:43,73.91,695.5,695.8,All Good
2026-07-24 00:38:43,71.17,558.5,558.7,All Good
2026-07-24 00:38:48,63.85,192.3,191.5,Warning
2026-07-24 00:38:48,64.37,218.6,220.4,All Good
2026-07-24 00:38:53,61.49,74.7,86.8,Critical Risk
2026-07-24 00:38:53,67.2,360.1,360.1,All Good
2026-07-24 00:38:58,66.1,305.0,311.3,All Good
2026-07-24 00:38:58,74.48,723.8,725.6,All Good
2026-07-24 00:39:03,60.25,12.3,6.2,Critical Risk
2026-07-24 00:39:03,62.36,118.0,117.8,Warning
2026-07-24 00:39:08,70.06,503.1,576.1,All Good
2026-07-24 00:39:08,60.63,31.3,13.9,Critical Risk
2026-07-24 00:39:13,65.21,260.7,260.9,All Good
2026-07-24 00:39:13,61.83,91.6,91.7,Warning
2026-07-24 00:39:18,65.08,254.1,253.9,All Good
2026-07-24 00:39:18,62.96,147.9,147.9,Warning
2026-07-24 00:39:23,64.87,243.3,243.3,All Good
2026-07-24 00:39:23,66.15,307.4,307.4,All Good
2026-07-24 00:39:28,65.96,297.9,297.8,All Good
2026-07-24 00:39:28,61.64,82.2,82.3,Warning
2026-07-24 00:39:33,64.7,234.8,235.8,All Good
2026-07-24 00:39:33,61.83,91.6,93.7,Warning
2026-07-24 00:39:38,61.57,78.4,78.3,Critical Risk
2026-07-24 00:39:38,62.36,117.8,92.8,Warning
2026-07-24 00:39:43,61.19,59.4,59.4,Critical Risk
2026-07-24 00:39:43,72.74,637.2,641.6,All Good
2026-07-24 00:39:48,63.78,189.2,189.2,Warning
2026-07-24 00:39:48,64.09,204.4,205.5,All Good
2026-07-24 00:39:53,60.25,12.5,12.5,Critical Risk
2026-07-24 00:39:53,64.69,234.7,236.4,All Good
2026-07-24 00:39:58,61.6,79.8,82.3,Critical Risk
2026-07-24 00:39:58,65.64,282.1,283.0,All Good
2026-07-24 00:40:03,65.09,254.7,254.2,All Good
2026-07-24 00:40:03,64.47,223.6,223.7,All Good
2026-07-24 00:40:08,63.0,150.1,150.6,Warning
2026-07-24 00:40:08,60.29,14.4,14.6,Critical Risk
2026-07-24 00:40:13,73.58,678.8,678.8,All Good
2026-07-24 00:40:13,63.17,158.7,160.5,Warning
2026-07-24 00:40:18,63.97,198.5,194.8,Warning
2026-07-24 00:40:18,70.45,522.7,523.0,All Good
2026-07-24 00:40:23,63.07,153.5,153.4,Warning
2026-07-24 00:40:23,72.03,601.6,630.6,All Good
2026-07-24 00:40:28,70.6,529.9,529.9,All Good
2026-07-24 00:40:28,63.18,158.9,160.1,Warning
2026-07-24 00:40:33,73.59,679.4,679.4,All Good
2026-07-24 00:40:33,66.89,344.6,344.7,All Good
2026-07-24 00:40:38,74.83,741.7,741.8,All Good
2026-07-24 00:40:38,67.29,364.6,369.6,All Good
2026-07-24 00:40:43,63.31,165.7,165.7,Warning
2026-07-24 00:40:43,61.07,53.6,53.4,Critical Risk
2026-07-24 00:40:48,61.8,90.1,90.1,Warning
2026-07-24 00:40:48,71.66,583.0,677.7,All Good
2026-07-24 00:40:53,72.03,601.5,601.4,All Good
2026-07-24 00:40:53,66.41,320.3,320.4,All Good
2026-07-24 00:40:58,61.16,57.8,57.5,Critical Risk
2026-07-24 00:40:58,64.3,215.1,215.1,All Good
2026-07-24 00:41:03,74.44,721.8,721.0,All Good
2026-07-24 00:41:03,63.78,189.0,194.2,Warning
2026-07-24 00:41:08,74.9,744.9,744.9,All Good
2026-07-24 00:41:08,75.67,783.5,783.4,All Good
2026-07-24 00:41:13,63.11,155.6,152.8,Warning
2026-07-24 00:41:13,65.23,261.4,261.4,All Good
2026-07-24 00:41:18,72.08,603.9,621.6,All Good
2026-07-24 00:41:18,62.17,108.6,102.6,Warning
2026-07-24 00:41:23,61.26,62.9,63.1,Critical Risk
2026-07-24 00:41:23,72.89,644.6,657.1,All Good
2026-07-24 00:41:28,62.89,144.6,144.0,Warning
2026-07-24 00:41:28,60.93,46.6,46.2,Critical Risk
2026-07-24 00:41:33,64.25,212.7,213.1,All Good
2026-07-24 00:41:33,62.34,117.0,116.6,Warning
2026-07-24 00:41:38,61.12,55.9,56.1,Critical Risk
2026-07-24 00:41:38,73.07,653.5,653.4,All Good
2026-07-24 00:41:43,60.28,13.8,13.8,Critical Risk
2026-07-24 00:41:43,60.71,35.5,34.5,Critical Risk
2026-07-24 00:41:48,68.12,405.8,405.4,All Good
2026-07-24 00:41:48,63.96,197.9,218.1,Warning
2026-07-24 00:41:53,61.15,57.6,29.2,Critical Risk
2026-07-24 00:41:53,62.8,139.8,139.8,Warning
2026-07-24 00:41:58,60.98,48.9,47.0,Critical Risk
2026-07-24 00:41:58,71.4,569.8,569.8,All Good
2026-07-24 00:42:03,61.39,69.4,69.2,Critical Risk
2026-07-24 00:42:03,70.09,504.3,545.6,All Good
2026-07-24 00:42:08,72.64,631.8,631.8,All Good
2026-07-24 00:42:08,61.93,96.6,96.7,Warning
2026-07-24 00:42:13,66.61,330.6,330.5,All Good
2026-07-24 00:42:13,66.52,325.9,346.7,All Good
2026-07-24 00:42:18,62.83,141.5,143.3,Warning
2026-07-24 00:42:18,74.15,707.5,707.5,All Good
2026-07-24 00:42:23,62.37,118.5,114.6,Warning
2026-07-24 00:42:23,70.86,542.8,542.6,All Good
2026-07-24 00:42:28,60.63,31.4,31.3,Critical Risk
2026-07-24 00:42:28,60.96,48.0,47.9,Critical Risk
2026-07-24 00:42:33,76.43,821.7,821.5,All Good
2026-07-24 00:42:33,60.13,6.4,6.3,Critical Risk
2026-07-24 00:42:38,61.38,69.2,69.2,Critical Risk
2026-07-24 00:42:38,61.41,70.6,73.4,Critical Risk
2026-07-24 00:42:43,68.07,403.7,404.2,All Good
2026-07-24 00:42:43,61.19,59.3,58.5,Critical Risk
2026-07-24 00:42:48,61.1,55.1,55.2,Critical Risk
2026-07-24 00:42:48,60.48,23.8,24.5,Critical Risk
2026-07-24 00:42:53,68.41,420.7,420.8,All Good
2026-07-24 00:42:53,64.52,226.1,224.3,All Good
2026-07-24 00:42:58,60.93,46.4,46.9,Critical Risk
2026-07-24 00:42:58,67.07,353.3,353.4,All Good
2026-07-24 00:43:03,68.05,402.3,402.2,All Good
2026-07-24 00:43:03,64.75,237.3,237.6,All Good
2026-07-24 00:43:08,73.47,673.5,673.8,All Good
2026-07-24 00:43:08,63.87,193.3,187.0,Warning
2026-07-24 00:43:13,65.43,271.3,271.3,All Good
2026-07-24 00:43:13,67.32,366.1,380.6,All Good
2026-07-24 00:43:18,68.87,443.4,443.4,All Good
2026-07-24 00:43:18,64.01,200.3,200.3,All Good
2026-07-24 00:43:23,62.06,102.8,104.6,Warning
2026-07-24 00:43:23,74.41,720.7,720.7,All Good
2026-07-24 00:43:28,62.09,104.4,87.8,Warning
2026-07-24 00:43:28,63.35,167.7,167.5,Warning
2026-07-24 00:43:33,74.68,734.1,734.2,All Good
2026-07-24 00:43:33,68.05,402.3,399.5,All Good
2026-07-24 00:43:38,61.07,53.4,53.0,Critical Risk
2026-07-24 00:43:38,64.26,212.9,212.9,All Good
2026-07-24 00:43:43,72.88,643.9,643.7,All Good
2026-07-24 00:43:43,65.93,296.5,309.9,All Good
2026-07-24 00:43:48,74.74,736.9,737.4,All Good
2026-07-24 00:43:48,62.17,108.7,108.6,Warning
2026-07-24 00:43:53,61.8,90.1,90.2,Warning
2026-07-24 00:43:53,61.82,90.8,90.7,Warning
2026-07-24 00:43:58,74.31,715.5,715.6,All Good
2026-07-24 00:43:58,62.06,103.2,103.0,Warning
2026-07-24 00:44:03,75.14,757.0,757.8,All Good
2026-07-24 00:44:03,73.47,673.6,673.6,All Good
2026-07-24 00:44:08,62.11,105.5,105.4,Warning
2026-07-24 00:44:08,75.2,759.8,759.7,All Good
2026-07-24 00:44:13,64.22,211.0,210.9,All Good
2026-07-24 00:44:13,64.4,219.9,220.2,All Good
2026-07-24 00:44:18,62.26,113.1,101.1,Warning
2026-07-24 00:44:18,61.46,72.8,72.9,Critical Risk
2026-07-24 00:44:23,66.05,302.7,370.5,All Good
2026-07-24 00:44:23,63.65,182.3,182.3,Warning
2026-07-24 00:44:28,74.21,710.5,710.2,All Good
2026-07-24 00:44:28,73.16,658.1,658.1,All Good
2026-07-24 00:44:33,64.86,243.1,242.9,All Good
2026-07-24 00:44:33,68.76,438.0,438.0,All Good
2026-07-24 00:44:38,60.84,42.0,43.3,Critical Risk
2026-07-24 00:44:38,65.52,276.2,275.6,All Good
2026-07-24 00:44:43,60.1,5.1,4.7,Critical Risk
2026-07-24 00:44:44,61.11,55.3,11.7,Critical Risk
2026-07-24 00:44:48,71.93,596.7,596.9,All Good
2026-07-24 00:44:49,71.23,561.6,559.3,All Good
2026-07-24 00:44:53,61.96,98.0,98.1,Warning
2026-07-24 00:44:53,62.01,100.3,100.3,Warning
2026-07-24 00:44:53,68.58,429.1,418.3,All Good
2026-07-24 00:44:54,61.17,58.4,52.6,Critical Risk
2026-07-24 00:44:54,67.46,373.0,372.9,All Good
2026-07-24 00:44:54,61.81,90.5,89.5,Warning
2026-07-24 00:44:54,61.32,66.0,66.1,Critical Risk
2026-07-24 00:44:58,73.91,695.6,695.6,All Good
2026-07-24 00:44:59,72.93,646.5,648.6,All Good
2026-07-24 00:45:03,67.7,384.9,396.5,All Good
2026-07-24 00:45:04,68.26,413.1,413.1,All Good
2026-07-24 00:45:08,69.62,481.1,481.2,All Good
2026-07-24 00:45:10,61.49,74.3,74.3,Critical Risk
2026-07-24 00:45:13,64.62,230.9,230.9,All Good
2026-07-24 00:45:15,61.62,80.9,80.8,Warning
2026-07-24 00:45:18,63.37,168.5,168.4,Warning
2026-07-24 00:45:20,62.28,113.9,114.3,Warning
2026-07-24 00:45:23,65.19,259.5,259.4,All Good
2026-07-24 00:45:25,73.26,663.1,663.2,All Good
2026-07-24 00:45:28,74.38,719.0,718.7,All Good
2026-07-24 00:45:30,61.55,77.4,77.5,Critical Risk
2026-07-24 00:45:33,62.82,141.1,141.2,Warning
2026-07-24 00:45:35,66.75,337.6,375.9,All Good
2026-07-24 00:45:38,68.84,442.0,442.1,All Good
2026-07-24 00:45:40,63.82,190.8,191.2,Warning
2026-07-24 00:45:43,60.48,23.9,23.4,Critical Risk
2026-07-24 00:45:45,61.35,67.7,67.2,Critical Risk
2026-07-24 00:45:48,61.16,57.9,58.5,Critical Risk
2026-07-24 00:45:50,62.99,149.6,149.4,Warning
2026-07-24 00:45:53,73.57,678.3,678.1,All Good
2026-07-24 00:45:55,60.42,21.0,18.8,Critical Risk
2026-07-24 00:45:58,65.84,291.8,294.6,All Good
2026-07-24 00:46:00,62.05,102.5,103.0,Warning
2026-07-24 00:46:03,63.93,196.5,198.1,Warning
2026-07-24 00:46:05,61.69,84.6,84.0,Warning
2026-07-24 00:46:08,66.14,307.2,309.0,All Good
2026-07-24 00:46:11,60.48,23.9,19.3,Critical Risk
2026-07-24 00:46:13,64.82,240.8,242.0,All Good
2026-07-24 00:46:18,60.33,16.3,17.1,Critical Risk
2026-07-24 00:46:23,61.47,73.5,73.0,Critical Risk
2026-07-24 00:46:28,62.27,113.3,113.4,Warning
2026-07-24 00:46:33,64.71,235.7,234.5,All Good
2026-07-24 00:46:38,66.1,305.0,302.9,All Good
2026-07-24 00:46:43,62.13,106.3,106.1,Warning
2026-07-24 00:46:48,60.71,35.7,35.9,Critical Risk
2026-07-24 00:46:53,65.89,294.4,281.4,All Good
2026-07-24 00:46:58,61.16,57.8,57.8,Critical Risk
2026-07-24 00:47:03,71.45,572.6,572.4,All Good
2026-07-24 00:47:08,63.69,184.4,184.5,Warning
2026-07-24 00:47:11,61.23,61.3,61.2,Critical Risk
2026-07-24 00:47:13,72.97,648.3,648.4,All Good
2026-07-24 00:47:18,63.23,161.5,158.2,Warning
2026-07-24 00:47:23,67.32,366.1,386.2,All Good
2026-07-24 00:47:28,72.72,636.0,637.3,All Good
2026-07-24 00:47:33,71.42,571.0,572.3,All Good
2026-07-24 00:47:38,64.47,223.5,222.8,All Good
2026-07-24 00:47:43,63.49,174.6,172.1,Warning
2026-07-24 00:47:48,62.37,118.6,119.3,Warning
2026-07-24 00:47:53,63.33,166.4,157.3,Warning
2026-07-24 00:47:58,63.21,160.6,81.2,Warning
2026-07-24 00:48:03,63.63,181.6,176.7,Warning
2026-07-24 00:48:08,66.56,328.1,306.0,All Good
2026-07-24 00:48:11,61.54,77.2,105.2,Critical Risk
2026-07-24 00:48:13,73.46,672.9,673.8,All Good
2026-07-24 00:48:18,62.06,102.8,104.5,Warning
2026-07-24 00:48:23,71.65,582.3,580.2,All Good
2026-07-24 00:48:28,61.52,76.1,75.5,Critical Risk
2026-07-24 00:48:33,62.44,122.1,119.0,Warning
2026-07-24 00:48:38,62.31,115.7,116.1,Warning
2026-07-24 00:48:43,68.39,419.3,419.4,All Good
2026-07-24 00:48:48,69.7,484.9,489.4,All Good
2026-07-24 00:48:53,67.11,355.7,355.6,All Good
2026-07-24 00:48:58,63.87,193.3,193.3,Warning
2026-07-24 00:49:03,61.89,94.5,94.5,Warning
2026-07-24 00:49:08,74.2,710.0,709.4,All Good
2026-07-24 00:49:11,71.18,558.9,556.0,All Good
2026-07-24 00:49:13,65.43,271.4,271.2,All Good
2026-07-24 00:49:18,66.76,338.2,400.1,All Good
2026-07-24 00:49:23,60.87,43.7,42.2,Critical Risk
2026-07-24 00:49:28,60.45,22.7,21.2,Critical Risk
2026-07-24 00:49:33,63.35,167.5,167.5,Warning
2026-07-24 00:49:38,66.66,333.2,333.3,All Good
2026-07-24 00:49:43,64.7,234.9,234.4,All Good
2026-07-24 00:49:48,63.87,193.6,193.8,Warning
2026-07-24 00:49:53,74.52,726.2,727.9,All Good
2026-07-24 00:49:58,61.33,66.5,66.5,Critical Risk
2026-07-24 00:50:03,74.58,729.2,729.2,All Good
2026-07-24 00:50:08,60.63,31.4,31.5,Critical Risk
2026-07-24 00:50:11,76.45,822.6,822.6,All Good
2026-07-24 00:50:13,67.11,355.6,357.1,All Good
2026-07-24 00:50:18,64.36,218.2,215.9,All Good
2026-07-24 00:50:23,70.96,548.1,547.5,All Good
2026-07-24 00:50:28,74.22,711.0,710.9,All Good
2026-07-24 00:50:33,60.58,29.0,28.9,Critical Risk
2026-07-24 00:50:38,61.71,85.5,85.6,Warning
2026-07-24 00:50:43,64.5,225.2,225.2,All Good
2026-07-24 00:50:48,65.93,296.7,287.6,All Good
2026-07-24 00:50:53,60.34,17.2,13.4,Critical Risk
2026-07-24 00:50:58,61.6,79.8,79.8,Critical Risk
2026-07-24 00:51:03,64.17,208.7,208.5,All Good
2026-07-24 00:51:08,74.89,744.6,744.4,All Good
2026-07-24 00:51:11,76.11,805.5,833.5,All Good
2026-07-24 11:03:43,68.74,437.1,512.2,All Good
2026-07-24 11:03:43,63.75,187.7,182.9,Warning
2026-07-24 11:03:48,73.35,667.5,667.6,All Good
2026-07-24 11:04:12,76.27,813.4,829.0,All Good
2026-07-24 11:04:12,65.1,254.8,255.1,All Good
2026-07-24 11:04:17,61.25,62.7,62.7,Critical Risk
2026-07-24 11:04:22,62.17,108.6,72.5,Warning
2026-07-24 11:04:27,61.59,79.6,82.9,Critical Risk
2026-07-24 11:04:32,64.0,199.9,195.0,Warning
2026-07-24 11:04:37,64.27,213.6,213.5,All Good
2026-07-24 11:04:42,63.5,175.1,174.5,Warning
2026-07-24 11:04:47,67.09,354.4,358.3,All Good
2026-07-24 11:04:52,65.27,263.6,262.4,All Good
2026-07-24 11:04:57,64.13,206.3,206.3,All Good
2026-07-24 11:05:02,63.26,163.1,115.8,Warning
2026-07-24 11:05:07,75.72,786.2,786.3,All Good
2026-07-24 11:05:12,76.44,822.0,822.3,All Good
2026-07-24 11:05:17,66.45,322.3,323.1,All Good
2026-07-24 11:05:22,62.0,99.8,99.7,Warning
2026-07-24 11:05:27,66.03,301.3,352.4,All Good
2026-07-24 11:05:32,63.28,163.9,164.4,Warning
2026-07-24 11:05:37,68.16,408.1,408.2,All Good
2026-07-24 11:05:42,60.17,8.6,8.6,Critical Risk
2026-07-24 11:05:47,64.26,213.1,213.1,All Good
2026-07-24 11:05:52,72.92,646.2,647.1,All Good
2026-07-24 11:05:57,69.59,479.6,478.4,All Good
2026-07-24 11:06:02,62.19,109.7,109.8,Warning
2026-07-24 11:06:07,64.81,240.5,235.9,All Good
2026-07-24 11:06:12,60.18,9.0,9.5,Critical Risk
2026-07-24 11:06:17,70.53,526.5,526.5,All Good
2026-07-24 11:06:22,63.24,162.1,156.5,Warning
2026-07-24 11:06:27,65.21,260.5,260.2,All Good
2026-07-24 11:06:32,60.59,29.5,29.4,Critical Risk
2026-07-24 11:06:37,64.13,206.6,201.0,All Good
2026-07-24 11:06:42,60.92,46.2,46.2,Critical Risk
2026-07-24 11:06:47,60.38,19.2,4.3,Critical Risk
2026-07-24 11:06:52,60.79,39.4,39.0,Critical Risk
2026-07-24 11:06:57,65.68,284.2,284.6,All Good
2026-07-24 11:07:02,74.75,737.3,737.8,All Good
2026-07-24 11:07:07,66.84,341.8,342.4,All Good
2026-07-24 11:07:12,60.07,3.3,3.1,Critical Risk
2026-07-24 11:07:17,71.65,582.7,584.1,All Good
2026-07-24 11:07:22,70.71,535.3,535.4,All Good
2026-07-24 11:07:27,62.89,144.7,143.6,Warning
2026-07-24 11:07:32,73.75,687.6,687.5,All Good
2026-07-24 11:07:37,74.53,726.7,726.4,All Good
2026-07-24 11:07:42,60.13,6.5,6.5,Critical Risk
2026-07-24 11:07:48,62.59,129.3,129.3,Warning
2026-07-24 11:07:53,74.05,702.6,702.6,All Good
2026-07-24 11:07:58,61.56,78.1,63.7,Critical Risk
2026-07-24 11:08:03,72.18,609.1,601.7,All Good
2026-07-24 11:08:08,63.38,169.2,164.3,Warning
2026-07-24 11:08:13,63.65,182.5,182.6,Warning
2026-07-24 11:08:18,66.55,327.3,332.0,All Good
2026-07-24 11:08:23,63.78,189.0,189.0,Warning
2026-07-24 11:08:28,63.66,182.8,182.8,Warning
2026-07-24 11:08:33,66.74,336.9,339.0,All Good
2026-07-24 11:08:38,60.37,18.6,1.1,Critical Risk
2026-07-24 11:09:22,61.36,68.0,68.2,Critical Risk
2026-07-24 11:09:25,66.13,306.5,306.7,All Good
2026-07-24 11:09:27,69.96,497.9,497.9,All Good
2026-07-24 11:09:32,66.6,330.1,330.1,All Good
2026-07-24 11:09:37,65.23,261.5,261.6,All Good
2026-07-24 11:09:43,61.77,88.7,88.8,Warning
2026-07-24 11:09:48,63.66,183.1,197.2,Warning
2026-07-24 11:09:53,62.85,142.6,143.4,Warning
2026-07-24 11:09:58,71.73,586.7,586.5,All Good
2026-07-24 11:10:03,66.42,321.1,321.0,All Good
2026-07-24 11:10:08,60.2,9.8,10.1,Critical Risk
2026-07-24 11:10:12,67.09,354.7,359.2,All Good
2026-07-24 11:10:17,70.88,543.9,816.6,All Good
2026-07-24 11:10:19,64.56,228.1,228.0,All Good
2026-07-24 11:10:19,61.35,67.3,68.0,Critical Risk
2026-07-24 11:10:20,62.96,148.1,152.2,Warning
2026-07-24 11:10:21,61.82,90.9,73.5,Warning
2026-07-24 11:10:22,60.48,23.8,13.0,Critical Risk
2026-07-24 11:10:23,66.0,300.1,300.2,All Good
2026-07-24 11:10:24,63.78,188.9,188.8,Warning
2026-07-24 11:10:25,61.06,53.1,53.3,Critical Risk
2026-07-24 11:10:26,61.51,75.3,81.0,Critical Risk
2026-07-24 11:10:27,60.98,48.8,49.6,Critical Risk
2026-07-24 11:10:28,61.01,50.5,50.5,Critical Risk
2026-07-24 11:10:29,65.27,263.7,263.7,All Good
2026-07-24 11:10:30,64.81,240.4,240.7,All Good
2026-07-24 11:10:31,74.28,714.2,714.3,All Good
2026-07-24 11:10:32,66.96,348.1,346.6,All Good
2026-07-24 11:10:33,63.33,166.5,166.6,Warning
2026-07-24 11:10:34,72.55,627.4,630.7,All Good
2026-07-24 11:10:35,73.59,679.3,679.2,All Good
2026-07-24 11:10:36,62.61,130.5,130.5,Warning
2026-07-24 11:10:37,62.14,107.0,98.5,Warning
2026-07-24 11:10:38,60.92,45.9,46.0,Critical Risk
2026-07-24 11:10:39,63.4,170.2,169.8,Warning
2026-07-24 11:10:40,70.85,542.5,541.8,All Good
2026-07-24 11:10:41,76.04,801.9,802.0,All Good
2026-07-24 11:10:42,66.9,345.2,363.8,All Good
2026-07-24 11:10:43,66.77,338.4,340.3,All Good
2026-07-24 11:10:44,61.39,69.3,68.6,Critical Risk
2026-07-24 11:10:45,73.89,694.6,694.5,All Good
2026-07-24 11:10:45,65.44,272.0,273.8,All Good
2026-07-24 11:10:49,62.26,113.0,112.6,Warning
2026-07-24 11:10:54,69.95,497.6,497.7,All Good
2026-07-24 11:10:59,73.11,655.4,655.2,All Good
2026-07-24 11:11:04,66.82,341.2,342.0,All Good
2026-07-24 11:11:09,60.69,34.6,33.8,Critical Risk
2026-07-24 11:11:14,65.88,294.0,294.8,All Good
2026-07-24 11:11:19,61.54,77.1,72.6,Critical Risk
2026-07-24 11:11:24,60.95,47.5,48.4,Critical Risk
2026-07-24 11:11:29,61.45,72.3,72.3,Critical Risk
2026-07-24 11:11:34,62.33,116.3,119.3,Warning
2026-07-24 11:11:39,63.57,178.5,182.9,Warning
2026-07-24 11:11:44,68.66,432.9,433.0,All Good
2026-07-24 11:11:49,61.63,81.5,81.3,Warning
2026-07-24 11:11:54,61.85,92.5,74.0,Warning
2026-07-24 11:12:00,70.08,504.2,509.7,All Good
2026-07-24 11:12:04,62.74,136.8,125.5,Warning
2026-07-24 11:12:10,70.39,519.6,519.5,All Good
2026-07-24 11:12:14,76.15,807.7,807.6,All Good
2026-07-24 11:12:20,74.18,709.1,738.6,All Good
2026-07-24 11:12:25,74.8,739.8,740.0,All Good
2026-07-24 11:12:29,60.83,41.4,40.6,Critical Risk
2026-07-24 11:12:34,60.29,14.6,12.4,Critical Risk
2026-07-24 11:12:39,62.23,111.7,106.3,Warning
2026-07-24 11:12:44,63.73,186.4,186.6,Warning
2026-07-24 11:12:49,62.75,137.7,137.6,Warning
2026-07-24 11:12:54,62.39,119.4,11.9,Warning
2026-07-24 11:13:00,64.48,223.9,223.2,All Good
2026-07-24 11:13:05,63.71,185.3,197.1,Warning
2026-07-24 11:13:10,72.46,623.0,623.3,All Good
2026-07-24 11:13:14,72.66,633.0,633.4,All Good
2026-07-24 11:13:19,60.4,19.9,19.8,Critical Risk
2026-07-24 11:13:24,68.62,430.9,430.9,All Good
2026-07-24 11:13:29,62.09,104.4,98.1,Warning
2026-07-24 11:13:35,62.21,110.3,42.0,Warning
2026-07-24 11:13:40,61.63,81.5,81.9,Warning
2026-07-24 11:13:45,73.81,690.3,690.5,All Good
2026-07-24 11:13:50,71.77,588.5,588.6,All Good
2026-07-24 11:13:55,67.34,366.8,377.9,All Good
2026-07-24 11:13:59,75.21,760.3,772.9,All Good
2026-07-24 11:14:04,65.26,263.2,264.2,All Good
2026-07-24 11:14:09,61.3,65.1,66.5,Critical Risk
2026-07-24 11:14:15,71.16,558.0,558.1,All Good
2026-07-24 11:14:19,63.64,181.8,181.9,Warning
2026-07-24 11:14:24,61.14,56.8,54.6,Critical Risk
2026-07-24 11:14:30,68.23,411.6,419.8,All Good
2026-07-24 11:14:35,60.65,32.6,33.2,Critical Risk
2026-07-24 11:14:40,64.22,210.9,210.7,All Good
2026-07-24 11:14:44,67.31,365.7,371.7,All Good
2026-07-24 11:14:50,65.92,295.8,295.9,All Good
2026-07-24 11:14:55,74.69,734.5,734.4,All Good
2026-07-24 11:15:00,60.84,42.1,42.1,Critical Risk
2026-07-24 11:15:05,70.95,547.6,547.7,All Good
2026-07-24 11:15:10,69.48,473.8,477.0,All Good
2026-07-24 11:15:15,68.59,429.7,424.8,All Good
2026-07-24 11:15:20,65.17,258.6,258.9,All Good
2026-07-24 11:15:25,63.44,172.1,171.2,Warning
2026-07-24 11:15:30,62.38,119.0,120.4,Warning
2026-07-24 11:15:35,64.16,208.0,205.8,All Good
2026-07-24 11:15:40,60.13,6.4,6.6,Critical Risk
2026-07-24 11:15:45,65.14,256.8,256.9,All Good
2026-07-24 11:16:22,65.62,281.0,278.2,All Good
2026-07-24 11:17:22,60.69,34.6,34.7,Critical Risk
2026-07-24 11:18:22,73.72,686.2,686.1,All Good
2026-07-24 11:19:22,64.81,240.6,226.5,All Good
2026-07-24 11:19:57,65.05,252.3,254.0,All Good
2026-07-24 11:19:59,64.81,240.4,240.3,All Good
2026-07-24 11:20:04,60.13,6.6,6.5,Critical Risk
2026-07-24 11:20:10,75.32,766.2,774.2,All Good
2026-07-24 11:20:15,62.31,115.5,110.8,Warning
2026-07-24 11:20:20,62.45,122.6,122.6,Warning
2026-07-24 11:20:24,62.43,121.5,123.7,Warning
2026-07-24 11:20:29,63.53,176.6,176.6,Warning
2026-07-24 11:20:34,61.44,71.9,71.9,Critical Risk
2026-07-24 11:20:40,76.15,807.3,821.4,All Good
2026-07-24 11:20:44,61.83,91.6,89.6,Warning
2026-07-24 11:20:49,61.93,96.6,96.7,Warning
2026-07-24 11:20:54,61.46,73.2,12.2,Critical Risk
2026-07-24 11:21:00,67.35,367.3,369.1,All Good
2026-07-24 11:21:05,60.8,39.9,40.0,Critical Risk
2026-07-24 11:21:10,60.44,22.1,22.1,Critical Risk
2026-07-24 11:21:14,61.12,56.0,56.0,Critical Risk
2026-07-24 11:21:19,67.72,385.8,385.3,All Good
2026-07-24 11:21:24,75.07,753.4,753.5,All Good
2026-07-24 11:21:29,67.85,392.4,391.6,All Good
2026-07-24 11:21:35,71.73,586.5,586.0,All Good
2026-07-24 11:21:40,65.74,287.1,287.5,All Good
2026-07-24 11:21:45,62.89,144.3,146.8,Warning
2026-07-24 11:21:50,63.04,152.2,152.3,Warning
2026-07-24 11:21:55,66.23,311.4,311.5,All Good
2026-07-24 11:22:00,60.4,19.9,19.8,Critical Risk
2026-07-24 11:22:05,62.47,123.5,123.5,Warning
2026-07-24 11:22:10,72.82,641.0,641.0,All Good
2026-07-24 11:22:15,61.03,51.3,51.3,Critical Risk
2026-07-24 11:22:20,67.42,371.2,377.2,All Good
2026-07-24 11:22:25,65.97,298.5,298.6,All Good
2026-07-24 11:22:30,63.18,159.1,156.2,Warning
2026-07-24 11:22:35,63.93,196.5,196.6,Warning
2026-07-24 11:23:22,64.95,247.7,247.8,All Good
2026-07-24 11:24:22,61.03,51.4,42.0,Critical Risk
2026-07-24 11:25:22,61.69,84.3,46.1,Warning
2026-07-24 11:26:22,74.83,741.7,741.5,All Good
2026-07-24 11:27:22,62.15,107.7,107.2,Warning
2026-07-24 11:28:22,62.93,146.6,147.4,Warning
2026-07-24 11:29:22,69.09,454.6,745.1,All Good
2026-07-24 11:30:22,66.67,333.4,333.1,All Good
2026-07-24 11:31:22,65.81,290.5,290.3,All Good
2026-07-24 11:32:22,73.26,662.9,664.0,All Good
2026-07-24 11:33:22,61.31,65.3,65.5,Critical Risk
2026-07-24 11:34:22,63.43,171.6,172.0,Warning
2026-07-24 11:35:22,61.0,50.2,50.3,Critical Risk
2026-07-24 11:36:22,60.78,38.9,38.9,Critical Risk
2026-07-24 11:37:22,63.09,154.5,153.3,Warning
2026-07-24 11:38:22,60.69,34.5,34.6,Critical Risk
2026-07-24 11:39:22,66.11,305.5,305.2,All Good
2026-07-24 11:40:22,61.54,77.0,76.9,Critical Risk
2026-07-24 11:41:22,62.83,141.4,148.6,Warning
2026-07-24 11:42:22,64.75,237.6,236.8,All Good
2026-07-24 11:43:22,74.43,721.6,721.9,All Good
2026-07-24 11:44:22,68.06,403.0,402.9,All Good
2026-07-24 11:45:22,68.23,411.7,411.7,All Good
2026-07-24 11:46:22,63.56,178.0,178.0,Warning
2026-07-24 11:47:22,63.13,156.7,154.2,Warning
2026-07-24 11:48:22,62.16,108.2,89.0,Warning
2026-07-24 11:49:22,60.26,12.8,12.8,Critical Risk
2026-07-24 11:50:22,63.44,171.9,169.1,Warning
2026-07-24 11:51:22,66.93,346.3,345.9,All Good
2026-07-24 11:52:22,63.33,166.6,163.5,Warning
2026-07-24 11:53:22,64.39,219.3,219.2,All Good
2026-07-24 11:54:22,60.69,34.4,34.4,Critical Risk
2026-07-24 11:55:22,62.8,140.0,140.4,Warning
2026-07-24 11:56:22,60.59,29.5,29.0,Critical Risk
2026-07-24 11:57:22,60.96,48.1,46.0,Critical Risk
2026-07-24 11:58:22,62.68,133.8,15.5,Warning
2026-07-24 11:59:22,61.02,51.0,50.9,Critical Risk
2026-07-24 12:00:22,67.11,355.4,355.6,All Good
2026-07-24 12:01:22,60.35,17.4,17.3,Critical Risk
2026-07-24 12:02:22,61.51,75.4,75.5,Critical Risk
2026-07-24 12:03:22,61.53,76.7,76.8,Critical Risk
2026-07-24 12:04:22,62.76,138.2,138.3,Warning
2026-07-24 12:05:22,64.19,209.5,214.5,All Good
2026-07-24 12:06:22,60.7,34.8,38.0,Critical Risk
2026-07-24 12:07:22,76.41,820.4,820.5,All Good
2026-07-24 12:08:22,60.82,40.9,40.1,Critical Risk
2026-07-24 12:09:22,68.79,439.4,439.4,All Good
2026-07-24 12:10:22,65.69,284.3,284.8,All Good
2026-07-24 12:11:22,75.97,798.4,798.5,All Good
2026-07-24 12:12:22,62.13,106.5,107.2,Warning
2026-07-24 12:13:22,61.24,62.0,62.2,Critical Risk
2026-07-24 12:13:47,61.96,98.0,99.8,Warning
2026-07-24 12:13:50,61.28,63.8,64.5,Critical Risk
2026-07-24 12:13:50,66.1,304.9,300.1,All Good
2026-07-24 12:13:50,61.82,90.9,90.8,Warning
2026-07-24 12:13:56,68.85,442.3,442.2,All Good
2026-07-24 12:14:01,66.21,310.6,310.6,All Good
2026-07-24 12:14:06,61.02,51.2,51.9,Critical Risk
2026-07-24 12:14:11,64.89,244.3,244.2,All Good
2026-07-24 12:14:16,63.61,180.7,180.7,Warning
2026-07-24 12:14:21,73.89,694.6,694.8,All Good
2026-07-24 12:14:26,61.53,76.6,63.0,Critical Risk
2026-07-24 12:14:31,62.22,111.1,87.6,Warning
2026-07-24 12:14:36,60.67,33.3,33.3,Critical Risk
2026-07-24 12:14:41,61.14,56.9,57.0,Critical Risk
2026-07-24 12:14:46,61.74,87.1,87.0,Warning
2026-07-24 12:14:51,75.4,770.2,770.7,All Good
2026-07-24 12:15:22,65.19,259.6,259.6,All Good
2026-07-24 12:16:22,70.85,542.5,542.2,All Good
2026-07-24 12:17:22,65.31,265.4,266.5,All Good
2026-07-24 12:18:22,65.62,281.2,281.2,All Good
2026-07-24 12:19:22,61.0,50.0,50.7,Critical Risk
2026-07-24 12:20:22,60.7,35.1,35.0,Critical Risk
2026-07-24 12:21:22,64.46,223.2,228.2,All Good
2026-07-24 12:21:50,64.12,206.2,206.7,All Good
2026-07-24 12:21:56,74.63,731.3,732.3,All Good
2026-07-24 12:22:01,74.35,717.5,717.4,All Good
2026-07-24 12:22:06,70.17,508.5,508.6,All Good
2026-07-24 12:22:11,71.88,593.9,594.1,All Good
2026-07-24 12:22:16,63.24,161.8,161.8,Warning
2026-07-24 12:22:21,61.63,81.6,81.8,Warning
2026-07-24 12:22:26,61.21,60.6,59.2,Critical Risk
2026-07-24 12:22:31,62.66,133.0,132.8,Warning
2026-07-24 12:22:36,67.47,373.5,372.9,All Good
2026-07-24 12:22:41,66.95,347.4,347.6,All Good
2026-07-24 12:22:46,65.22,261.1,269.8,All Good
2026-07-24 12:22:51,61.28,63.8,46.0,Critical Risk
2026-07-24 12:23:11,62.89,144.3,143.9,Warning
2026-07-24 12:23:16,71.85,592.5,592.6,All Good
2026-07-24 12:23:21,65.45,272.4,270.6,All Good
2026-07-24 12:23:26,65.82,290.9,315.9,All Good
2026-07-24 12:23:31,63.67,183.4,183.9,Warning
2026-07-24 12:23:36,66.64,332.1,331.9,All Good
2026-07-24 12:23:41,62.02,101.2,101.9,Warning
2026-07-24 12:23:46,66.92,345.9,359.1,All Good
2026-07-24 12:23:51,74.67,733.3,733.1,All Good
2026-07-24 12:23:56,68.94,447.1,447.7,All Good
2026-07-24 12:24:01,64.69,234.4,226.2,All Good
2026-07-24 12:24:06,72.48,624.0,625.3,All Good
2026-07-24 12:24:11,64.27,213.3,213.3,All Good
2026-07-24 12:24:22,63.17,158.5,157.5,Warning
2026-07-24 12:25:22,74.21,710.6,710.5,All Good
2026-07-24 12:26:22,65.36,267.9,267.3,All Good
2026-07-24 12:27:22,61.17,58.5,58.4,Critical Risk
2026-07-24 12:28:22,71.01,550.6,540.2,All Good
2026-07-24 12:29:22,61.63,81.3,81.5,Warning
2026-07-24 12:30:22,68.18,408.8,409.0,All Good
2026-07-24 12:31:22,61.38,68.8,68.9,Critical Risk
2026-07-24 12:32:22,64.8,239.8,240.2,All Good
2026-07-24 12:33:22,72.77,638.3,638.8,All Good
2026-07-24 12:34:22,74.84,742.2,755.8,All Good
2026-07-24 12:35:22,62.33,116.4,116.0,Warning
2026-07-24 12:36:22,74.21,710.4,709.9,All Good
2026-07-24 12:37:22,70.27,513.7,513.6,All Good
2026-07-24 12:47:22,68.74,437.1,512.2,2.468,All Good
2026-07-24T14:16:51.886879,338.5,337.4,80.6,1.11,50.7,48.1,Maintenance Required
2026-07-24T14:16:51.892299,336.5,336.5,80.4,1.16,50.3,48.3,Maintenance Required
2026-07-24T14:16:56.574863,339.3,338.9,80.7,1.12,50.0,47.9,Maintenance Required
2026-07-24T14:17:01.575754,338.3,338.0,82.0,0.98,51.1,48.7,Maintenance Required
2026-07-24T14:17:06.563510,339.8,341.1,81.6,0.98,50.8,48.1,Maintenance Required
2026-07-24T14:17:11.569016,338.1,339.4,81.1,0.92,50.2,48.9,Maintenance Required
2026-07-24T14:18:19.592331,336.4,337.5,80.4,1.08,50.1,48.3,Maintenance Required
2026-07-24T14:18:19.597065,338.0,337.5,80.1,1.14,50.2,47.9,Maintenance Required
2026-07-24T14:18:24.282175,338.2,338.7,80.4,1.06,50.8,48.9,Maintenance Required
2026-07-24T14:18:46.950438,337.8,339.1,80.8,1.12,50.8,47.9,Maintenance Required
2026-07-24T14:18:46.955013,339.5,338.4,80.3,1.01,50.7,47.8,Maintenance Required
2026-07-24T14:18:51.647049,336.8,335.5,81.7,1.07,50.2,47.9,Maintenance Required
2026-07-24T14:18:56.647704,337.1,336.3,82.0,1.14,50.8,48.5,Maintenance Required
2026-07-24T14:19:02.016481,336.4,335.8,81.5,0.97,49.8,48.3,Maintenance Required
2026-07-24T14:19:07.008266,337.3,336.6,80.4,0.95,50.4,48.1,Maintenance Required
2026-07-24T14:19:12.011909,340.2,339.7,81.0,1.01,50.5,48.8,Maintenance Required
2026-07-24T14:19:17.011663,340.0,339.9,81.1,0.93,50.0,47.9,Maintenance Required
2026-07-24T14:19:22.016083,338.6,337.9,80.1,0.94,49.8,48.2,Maintenance Required
2026-07-24T14:19:27.015647,337.9,338.7,81.0,1.16,50.4,47.8,Maintenance Required
2026-07-24T14:19:32.004244,338.6,338.4,80.5,1.04,51.0,48.0,Maintenance Required
2026-07-24T14:19:37.320451,337.9,338.7,82.0,1.15,51.1,48.6,Maintenance Required
2026-07-24T14:19:42.011080,337.6,336.2,82.1,0.92,50.7,47.9,Maintenance Required
2026-07-24T14:19:47.005604,339.5,340.9,81.8,1.06,50.9,48.8,Maintenance Required
2026-07-24T14:19:52.004369,340.2,338.8,81.7,0.97,50.5,48.3,Maintenance Required
2026-07-24T14:19:57.007807,337.4,338.2,81.7,1.02,50.3,48.0,Maintenance Required
2026-07-24T14:20:22.002763,336.4,336.4,80.8,1.15,50.0,48.0,Maintenance Required
2026-07-24T14:20:49.615509,338.3,338.5,80.3,1.02,50.8,48.8,Maintenance Required
2026-07-24T14:20:49.622741,338.7,340.2,81.4,0.98,50.1,48.3,Maintenance Required
2026-07-24T14:20:55.011974,337.4,338.2,81.1,1.09,50.7,47.8,Maintenance Required
2026-07-24T14:21:00.007520,338.5,338.7,82.1,0.94,50.5,48.0,Maintenance Required
2026-07-24T14:21:05.010125,337.7,338.4,80.8,1.03,50.2,48.2,Maintenance Required
2026-07-24T14:21:10.012647,336.6,337.2,81.2,0.94,51.1,48.2,Maintenance Required
2026-07-24T14:21:15.012066,339.1,340.1,81.3,0.91,50.6,48.8,Maintenance Required
2026-07-24T14:21:20.006926,338.1,336.9,80.5,1.05,51.0,48.3,Maintenance Required
2026-07-24T14:21:25.002652,339.8,339.4,80.5,1.1,49.8,48.4,Maintenance Required
2026-07-24T14:21:30.322806,339.6,340.3,80.9,1.08,50.9,47.9,Maintenance Required
2026-07-24T14:21:35.014193,338.9,338.0,81.8,1.15,50.4,48.5,Maintenance Required
2026-07-24T14:21:40.005048,340.2,340.0,80.8,0.93,50.1,47.8,Maintenance Required
2026-07-24T14:21:45.017867,337.7,336.8,81.7,1.11,50.2,48.2,Maintenance Required
2026-07-24T14:22:22.323209,338.1,339.2,81.8,0.94,50.0,48.0,Maintenance Required
2026-07-24T14:23:22.016269,337.9,339.2,80.9,1.1,50.7,48.1,Maintenance Required
2026-07-24T14:24:22.314421,338.0,339.1,81.4,0.97,50.2,47.7,Maintenance Required
2026-07-24T14:25:22.007822,338.5,337.3,80.4,1.01,50.4,47.8,Maintenance Required
2026-07-24T14:26:22.325905,338.0,338.9,82.0,1.02,50.0,48.3,Maintenance Required
2026-07-24T14:27:04.870451,337.9,339.1,80.4,1.08,50.3,47.9,Maintenance Required
2026-07-24T14:27:04.875885,337.6,337.2,80.4,0.92,50.7,48.7,Maintenance Required
2026-07-24T14:27:09.562772,339.4,338.2,81.8,0.92,51.0,48.2,Maintenance Required
2026-07-24T14:27:21.985312,337.0,337.9,81.4,0.95,50.2,48.2,Maintenance Required
2026-07-24T14:27:21.989904,337.3,335.9,80.2,1.07,49.9,48.0,Maintenance Required
2026-07-24T14:27:27.311807,339.8,341.0,80.7,0.93,50.9,47.9,Maintenance Required
2026-07-24T14:27:32.000708,340.3,340.6,81.3,0.95,50.7,48.6,Maintenance Required
2026-07-24T14:27:37.001942,336.6,336.5,80.2,1.03,50.6,48.1,Maintenance Required
2026-07-24T14:27:41.996828,339.7,338.8,81.4,0.97,49.9,48.5,Maintenance Required
2026-07-24T14:27:46.992281,338.7,337.6,80.2,1.03,51.0,48.1,Maintenance Required
2026-07-24T14:27:51.986239,336.9,336.0,81.6,0.93,50.8,48.8,Maintenance Required
2026-07-24T14:27:56.991081,338.9,338.5,80.8,0.95,50.8,48.2,Maintenance Required
2026-07-24T14:28:02.312946,336.5,336.7,80.7,1.02,49.9,48.0,Maintenance Required
2026-07-24T14:28:06.994710,337.3,337.9,81.2,1.03,50.7,48.2,Maintenance Required
2026-07-24T14:28:11.988074,338.6,339.8,80.5,1.05,49.9,48.7,Maintenance Required
2026-07-24T14:28:17.001882,338.3,337.5,81.4,1.1,49.8,48.0,Maintenance Required
2026-07-24T14:28:21.995543,339.8,341.0,81.0,0.96,49.8,48.3,Maintenance Required
2026-07-24T14:28:26.997359,337.0,335.6,80.6,0.98,50.8,48.6,Maintenance Required
2026-07-24T14:28:31.996489,338.0,339.0,81.9,1.08,51.1,47.8,Maintenance Required
2026-07-24T14:28:36.988408,338.1,337.2,81.7,0.96,50.2,48.4,Maintenance Required
2026-07-24T14:28:41.989453,337.8,339.1,80.5,0.94,50.3,48.5,Maintenance Required
2026-07-24T14:28:47.310131,337.1,337.5,81.9,0.91,50.8,48.5,Maintenance Required
2026-07-24T14:28:51.995404,337.9,337.9,80.1,1.06,50.0,48.2,Maintenance Required
2026-07-24T14:28:56.996790,336.8,336.3,80.6,1.0,50.8,48.2,Maintenance Required
2026-07-24T14:29:01.998856,337.6,338.4,82.0,1.04,49.9,47.9,Maintenance Required
2026-07-24T14:29:07.001275,338.8,339.2,80.1,1.09,51.0,47.9,Maintenance Required
2026-07-24T14:29:11.991297,336.9,336.4,80.8,0.97,50.2,48.4,Maintenance Required
2026-07-24T14:29:16.989758,339.7,339.4,81.5,0.94,50.4,48.9,Maintenance Required
2026-07-24T14:29:22.001335,337.5,336.6,80.5,1.02,51.0,48.2,Maintenance Required
2026-07-24T14:29:27.001860,339.0,338.1,82.1,1.01,50.6,48.8,Maintenance Required
2026-07-24T14:29:32.326159,338.2,338.5,81.1,1.09,50.7,48.8,Maintenance Required
2026-07-24T14:29:37.011156,337.8,337.5,80.2,0.97,50.8,48.4,Maintenance Required
2026-07-24T14:29:42.002789,337.2,338.6,81.9,1.06,49.8,48.8,Maintenance Required
2026-07-24T14:29:47.006264,338.8,337.4,80.4,1.06,50.3,48.9,Maintenance Required
2026-07-24T14:29:52.002319,336.5,335.1,81.8,1.06,51.0,48.2,Maintenance Required
2026-07-24T14:29:57.017223,337.9,339.0,81.2,1.16,50.3,48.7,Maintenance Required
2026-07-24T14:30:02.009870,337.5,337.1,81.2,1.13,50.9,47.7,Maintenance Required
2026-07-24T14:30:07.011766,338.2,337.2,80.5,1.08,49.9,47.9,Maintenance Required
2026-07-24T14:30:12.003361,339.9,341.3,81.0,1.09,49.9,48.1,Maintenance Required
2026-07-24T14:30:16.997044,337.4,338.7,81.4,1.07,50.4,48.7,Maintenance Required
2026-07-24T14:30:21.994643,336.6,336.6,81.8,1.05,50.0,47.9,Maintenance Required
2026-07-24T14:30:26.992843,337.3,336.3,80.7,0.93,49.9,48.8,Maintenance Required
2026-07-24T14:30:32.320110,338.1,338.0,81.4,0.99,50.8,48.7,Maintenance Required
2026-07-24T14:30:37.006097,337.1,337.2,80.8,1.13,50.1,48.6,Maintenance Required
2026-07-24T14:30:42.005346,338.7,338.4,81.9,0.96,50.2,48.5,Maintenance Required
2026-07-24T14:30:47.017283,336.4,337.3,81.6,1.08,50.1,48.3,Maintenance Required
2026-07-24T14:30:52.004776,336.4,335.4,80.6,0.95,51.1,48.0,Maintenance Required
2026-07-24T14:30:57.325644,339.5,338.6,80.9,1.1,49.9,48.7,Maintenance Required
2026-07-24T14:31:02.016617,338.4,337.1,81.9,1.08,50.5,48.8,Maintenance Required
2026-07-24T14:31:07.009221,337.5,338.2,82.1,1.13,50.4,48.5,Maintenance Required
2026-07-24T14:31:12.011209,336.4,337.1,80.4,1.11,50.5,47.8,Maintenance Required
2026-07-24T14:31:17.006637,338.7,337.2,81.2,1.09,50.3,47.9,Maintenance Required
2026-07-24T14:31:22.016037,338.3,336.9,81.8,1.15,50.2,48.7,Maintenance Required
2026-07-24T14:31:27.002845,339.3,339.3,81.0,1.06,50.2,48.4,Maintenance Required
2026-07-24T14:32:22.323348,337.5,336.0,81.8,0.92,50.6,48.6,Maintenance Required
2026-07-24T14:33:22.018522,336.6,338.1,80.8,0.99,50.3,48.4,Maintenance Required
2026-07-24T14:34:14.279885,336.7,338.0,80.1,0.99,50.7,48.6,Maintenance Required
2026-07-24T14:34:16.987249,337.5,337.9,81.5,1.04,50.8,48.8,Maintenance Required
2026-07-24T14:34:21.989068,339.7,339.9,81.5,0.91,50.8,47.9,Maintenance Required
2026-07-24T14:34:26.996174,336.8,336.7,80.2,1.13,50.2,48.0,Maintenance Required
2026-07-24T14:34:32.001519,338.2,336.8,81.1,1.08,50.1,47.7,Maintenance Required
2026-07-24T14:34:37.003241,337.5,338.3,80.5,0.98,50.8,48.5,Maintenance Required
2026-07-24T14:34:41.998071,338.8,338.3,81.1,1.07,50.7,48.7,Maintenance Required
2026-07-24T14:34:46.989805,337.8,337.8,81.8,1.05,50.8,48.7,Maintenance Required
2026-07-24T14:34:51.991173,338.6,338.7,80.5,1.08,49.9,47.8,Maintenance Required
2026-07-24T14:34:56.997624,336.5,335.7,81.9,0.98,50.8,48.7,Maintenance Required
2026-07-24T14:35:02.003327,339.0,337.6,80.6,1.11,50.7,47.8,Maintenance Required
2026-07-24T14:35:07.013858,338.8,339.3,80.8,1.03,50.3,47.9,Maintenance Required
2026-07-24T14:35:12.003780,336.9,338.0,80.8,0.91,50.4,47.9,Maintenance Required
2026-07-24T14:35:17.007566,336.5,335.2,80.7,0.92,50.8,48.8,Maintenance Required
2026-07-24T14:35:22.011293,339.7,339.7,81.7,0.91,50.2,48.8,Maintenance Required
2026-07-24T14:35:26.997720,340.3,341.0,81.9,0.91,50.0,48.2,Maintenance Required
2026-07-24T14:35:31.997565,336.5,335.3,80.8,0.97,50.2,48.4,Maintenance Required
2026-07-24T14:35:36.992651,336.6,335.5,80.1,1.0,49.9,47.7,Maintenance Required
2026-07-24T14:35:41.990285,336.8,336.2,80.5,0.95,51.0,47.8,Maintenance Required
2026-07-24T14:35:46.993218,340.0,339.7,80.3,0.99,50.2,48.3,Maintenance Required
2026-07-24T14:35:51.989456,339.4,339.5,81.3,1.09,50.2,48.7,Maintenance Required
2026-07-24T14:35:56.991390,340.2,340.9,80.8,0.98,49.8,47.9,Maintenance Required
2026-07-24T14:36:01.989457,338.5,339.4,81.0,0.93,50.5,47.9,Maintenance Required
2026-07-24T14:36:07.317801,337.6,338.2,81.8,1.1,50.4,48.8,Maintenance Required
2026-07-24T14:36:12.002315,337.9,339.3,81.3,0.97,50.8,48.0,Maintenance Required
2026-07-24T14:36:16.991416,339.3,339.0,81.4,1.1,51.0,48.0,Maintenance Required
2026-07-24T14:36:21.989450,337.7,338.5,80.8,0.99,50.1,48.4,Maintenance Required
2026-07-24T14:36:26.990319,336.5,336.2,81.6,1.07,50.9,48.3,Maintenance Required
2026-07-24T14:36:31.994210,339.7,340.3,81.7,1.11,51.0,48.2,Maintenance Required
2026-07-24T14:36:36.989833,337.2,338.4,80.9,1.1,50.7,48.2,Maintenance Required
2026-07-24T14:36:41.997749,336.9,335.6,80.4,1.0,50.8,48.1,Maintenance Required
2026-07-24T14:36:47.001859,336.5,336.5,82.0,0.94,49.9,48.6,Maintenance Required
2026-07-24T14:36:51.988904,340.1,341.1,81.7,0.97,49.9,48.7,Maintenance Required
2026-07-24T14:36:57.307744,336.9,336.1,80.4,0.96,51.1,47.9,Maintenance Required
2026-07-24T14:37:01.987389,339.0,338.2,81.0,0.93,50.5,48.0,Maintenance Required
2026-07-24T14:37:06.996786,339.5,338.3,80.9,1.06,50.1,48.0,Maintenance Required
2026-07-24T14:37:12.320693,336.5,337.2,80.5,1.08,50.4,48.5,Maintenance Required
2026-07-24T14:37:17.009452,340.3,340.7,80.9,0.92,50.8,48.5,Maintenance Required
2026-07-24T14:37:22.008990,339.2,340.3,80.8,0.95,50.5,48.5,Maintenance Required
2026-07-24T14:37:27.013058,336.6,335.9,80.9,0.97,49.9,48.3,Maintenance Required
2026-07-24T14:37:32.021157,336.8,337.4,81.7,1.12,49.8,47.8,Maintenance Required
2026-07-24T14:37:37.014118,337.2,336.3,81.2,1.02,50.1,48.2,Maintenance Required
2026-07-24T14:37:42.009124,338.9,338.0,81.2,1.09,50.8,48.8,Maintenance Required
2026-07-24T14:37:47.014164,337.9,339.2,81.8,1.12,50.4,48.9,Maintenance Required
2026-07-24T14:37:52.016526,337.5,336.5,80.2,1.04,49.9,48.7,Maintenance Required
2026-07-24T14:37:57.018136,339.3,339.9,82.1,1.02,50.4,48.3,Maintenance Required
2026-07-24T14:38:02.019419,339.0,338.7,80.5,1.13,50.0,48.6,Maintenance Required
2026-07-24T14:38:09.728205,338.9,337.7,80.4,1.1,50.0,47.9,All Good
2026-07-24T14:38:09.884548,340.0,339.9,81.4,1.0,50.8,48.1,All Good
2026-07-24T14:38:09.890770,337.7,338.6,80.2,1.13,50.8,48.3,All Good
2026-07-24T14:38:14.887727,336.3,336.3,80.9,1.1,49.9,48.9,All Good
2026-07-24T14:38:20.208003,337.6,337.1,80.1,1.08,50.5,48.6,All Good
2026-07-24T14:38:24.898901,339.2,338.1,80.4,1.01,50.9,48.7,All Good
2026-07-24T14:38:29.890776,340.3,339.7,80.5,1.1,50.3,48.2,All Good
2026-07-24T14:38:34.891775,336.6,337.2,81.8,1.01,50.1,48.7,All Good
2026-07-24T14:38:39.890603,338.9,337.7,81.6,1.0,51.1,48.7,All Good
2026-07-24T14:38:44.901006,337.8,338.1,81.7,1.11,50.5,48.8,All Good
2026-07-24T14:38:49.899562,339.0,340.2,80.1,0.93,51.1,48.7,All Good
2026-07-24T14:38:54.891734,337.9,337.2,81.5,1.07,50.5,47.7,All Good
2026-07-24T14:39:00.210912,339.7,338.9,82.0,1.15,50.1,48.1,All Good
2026-07-24T14:39:04.899277,338.9,338.7,80.7,0.92,50.0,48.0,All Good
2026-07-24T14:39:09.889504,337.7,337.3,81.2,1.07,50.8,48.0,All Good
2026-07-24T14:39:14.903377,336.6,335.3,81.7,1.06,50.7,48.1,All Good
2026-07-24T14:39:19.892574,340.0,339.8,80.8,0.97,50.4,48.5,All Good
2026-07-24T14:39:24.900776,339.7,340.3,80.4,1.13,50.8,48.7,All Good
2026-07-24T14:39:29.891883,340.0,340.6,81.7,0.99,50.1,48.0,All Good
2026-07-24T14:39:34.899840,338.6,339.5,80.4,1.09,51.0,48.6,All Good
2026-07-24T14:39:39.890083,338.3,337.2,81.6,1.01,49.9,48.5,All Good
2026-07-24T14:39:44.891046,339.6,339.1,80.8,0.98,50.2,48.7,All Good
2026-07-24T14:39:50.213126,338.8,338.8,81.1,1.11,50.4,48.4,All Good
2026-07-24T14:39:54.894071,338.8,339.1,80.6,0.95,50.8,48.2,All Good
2026-07-24T14:39:59.896141,337.7,336.8,81.4,1.04,50.8,48.0,All Good
2026-07-24T14:40:04.899075,336.7,337.1,80.4,0.97,50.1,48.4,All Good
2026-07-24T14:40:09.898474,338.2,338.6,81.3,1.08,50.7,48.3,All Good
2026-07-24T14:40:14.893165,337.7,336.6,80.8,0.97,50.5,47.8,All Good
2026-07-24T14:40:19.892354,338.8,339.2,81.1,1.05,50.1,48.3,All Good
2026-07-24T14:40:24.903392,340.3,340.0,81.6,1.14,50.4,48.7,All Good
2026-07-24T14:40:30.317510,338.5,337.6,80.3,0.93,50.4,48.7,All Good
2026-07-24T14:40:35.006075,339.1,339.7,80.2,1.02,50.0,48.5,All Good
2026-07-24T14:40:40.006700,337.5,337.0,80.3,1.13,50.4,48.1,All Good
2026-07-24T14:40:45.007460,339.1,339.9,80.6,0.96,50.2,48.6,All Good
2026-07-24T14:40:49.887954,340.0,340.0,80.2,0.98,50.5,48.5,All Good
2026-07-24T14:40:54.902151,340.1,339.4,81.4,0.99,50.0,48.0,All Good
2026-07-24T14:40:59.896468,340.2,338.7,81.8,0.92,50.6,48.4,All Good
2026-07-24T14:41:05.325324,338.4,338.6,80.1,1.05,50.7,48.2,All Good
2026-07-24T14:41:10.015473,336.9,336.9,81.7,1.15,50.2,47.9,All Good
2026-07-24T14:41:15.016026,339.9,341.3,80.5,0.98,50.5,48.7,All Good
2026-07-24T14:41:20.015117,337.0,336.0,81.1,1.04,51.1,48.7,All Good
2026-07-24T14:41:25.016783,340.2,340.1,81.3,0.97,50.2,48.4,All Good
2026-07-24T14:41:30.010036,337.1,336.4,81.4,1.04,50.7,48.0,All Good
2026-07-24T14:41:35.011797,338.6,337.6,81.3,0.99,50.2,47.9,All Good
2026-07-24T14:41:40.004040,338.6,338.8,80.8,1.03,50.1,48.3,All Good
2026-07-24T14:41:45.017733,337.1,338.2,81.5,1.13,51.0,47.9,All Good
2026-07-24T14:41:50.009916,338.0,337.7,80.8,0.98,50.3,48.3,All Good
2026-07-24T14:41:55.012767,337.6,336.4,81.1,1.12,50.7,48.7,All Good
2026-07-24T14:42:00.016665,339.6,338.7,80.3,1.08,50.5,48.0,All Good
2026-07-24T14:42:05.016362,337.7,337.1,81.2,1.16,50.0,48.0,All Good
2026-07-24T14:42:10.007680,336.4,337.1,80.3,1.06,51.0,47.8,All Good
2026-07-24T14:42:15.011280,340.1,338.7,81.5,0.95,50.1,48.3,All Good
2026-07-24T14:42:20.003774,338.9,337.5,80.1,0.97,50.6,48.8,All Good
2026-07-24T14:42:25.007001,338.9,338.9,81.3,0.95,51.0,48.5,All Good
2026-07-24T14:42:30.012434,338.3,337.6,81.0,1.0,50.3,48.7,All Good
2026-07-24T14:42:41.446389,338.6,338.1,80.3,0.97,50.8,48.4,All Good
2026-07-24T14:42:44.887686,336.3,337.2,81.8,1.14,51.0,48.1,All Good
2026-07-24T14:42:50.202424,339.2,339.2,82.1,1.07,50.3,48.0,All Good
2026-07-24T14:42:54.898828,338.1,338.0,81.1,1.1,50.6,47.9,All Good
2026-07-24T14:42:59.888500,337.6,336.9,81.2,0.91,50.8,48.5,All Good
2026-07-24T14:43:04.899684,339.0,337.8,80.4,1.04,50.8,48.8,All Good
2026-07-24T14:43:09.888993,337.2,336.3,82.0,1.13,51.0,48.7,All Good
2026-07-24T14:43:15.210406,340.1,339.5,81.7,1.03,50.9,48.6,All Good
2026-07-24T14:43:19.898496,338.5,340.0,81.9,1.07,50.6,47.7,All Good
2026-07-24T14:43:24.902147,338.1,338.1,80.3,0.98,50.4,48.1,All Good
2026-07-24T14:43:29.893810,339.9,339.7,80.3,1.09,50.7,48.7,All Good
2026-07-24T14:43:34.899181,338.0,337.7,80.3,1.04,50.9,48.6,All Good
2026-07-24T14:43:39.900109,338.8,337.7,82.1,0.97,50.2,48.7,All Good
2026-07-24T14:43:44.900207,336.4,336.7,81.3,0.96,50.9,47.9,All Good
2026-07-24T14:43:49.895436,336.6,337.3,82.0,0.99,51.1,48.9,All Good
2026-07-24T14:43:54.902290,337.5,338.9,82.0,1.09,50.8,48.7,All Good
2026-07-24T14:43:59.891666,338.1,338.8,81.8,1.1,50.6,48.4,All Good
2026-07-24T14:44:04.894124,338.2,339.2,81.5,0.93,50.5,48.8,All Good
2026-07-24T14:44:09.899374,340.3,339.5,80.2,1.11,50.7,48.8,All Good
2026-07-24T14:44:14.897581,336.8,335.5,82.1,1.09,51.1,48.0,All Good
2026-07-24T14:44:19.891455,336.8,335.4,80.9,1.13,50.0,48.8,All Good
2026-07-24T14:44:25.215914,337.2,337.6,82.0,1.13,50.5,47.8,All Good
2026-07-24T14:44:29.896528,339.0,338.8,81.6,1.05,51.0,48.3,All Good
2026-07-24T14:44:34.894396,339.0,338.9,80.5,0.93,50.3,48.1,All Good
2026-07-24T14:44:39.895495,339.4,339.2,80.5,0.93,50.1,48.9,All Good
2026-07-24T14:44:44.900910,336.7,337.6,80.7,1.07,50.7,48.4,All Good
2026-07-24T14:44:49.900618,337.9,338.4,80.2,0.95,50.2,48.1,All Good
2026-07-24T14:44:54.903756,336.7,337.7,80.4,0.99,50.2,48.3,All Good
2026-07-24T14:44:59.898959,340.3,341.6,81.6,1.09,49.9,48.3,All Good
2026-07-24T14:45:04.897974,337.3,336.0,80.4,0.91,50.9,48.1,All Good
2026-07-24T14:45:09.892760,338.4,338.9,81.0,1.08,50.8,47.8,All Good
2026-07-24T14:45:14.901135,338.7,338.9,81.1,1.08,50.3,48.3,All Good
2026-07-24T14:45:19.889217,337.7,337.8,81.8,0.98,50.7,48.9,All Good
2026-07-24T14:45:24.892012,340.1,339.4,81.7,0.93,50.2,48.4,All Good
2026-07-24T14:45:29.890265,336.4,337.0,81.2,0.92,50.5,48.6,All Good
2026-07-24T14:45:34.887926,337.2,336.6,81.0,1.05,50.3,48.7,All Good
2026-07-24T14:45:40.325049,336.9,336.8,80.5,0.97,50.3,48.5,All Good
2026-07-24T14:45:44.893923,338.6,337.9,80.8,1.0,50.3,47.8,All Good
2026-07-26T11:04:45.213995,340.3,339.6,81.8,1.02,50.8,48.4,All Good
2026-07-26T11:04:45.219815,338.0,338.1,80.9,1.01,50.4,48.1,All Good
2026-07-26T11:04:49.896329,339.5,340.2,80.4,1.03,50.9,48.0,All Good
2026-07-26T11:04:54.894367,338.2,339.6,81.0,1.1,50.3,48.6,All Good
2026-07-26T11:04:59.887289,339.9,339.7,80.1,1.13,50.8,48.6,All Good
2026-07-26T11:05:04.898692,338.2,339.0,80.8,1.05,50.2,48.5,All Good
2026-07-26T11:05:09.889688,336.6,337.1,82.0,1.14,50.5,47.9,All Good
2026-07-26T11:05:14.885916,340.1,340.7,80.8,1.15,50.6,47.8,All Good
2026-07-26T11:05:20.209465,338.6,337.2,81.4,1.05,51.0,48.7,All Good
2026-07-26T11:05:24.886809,336.3,335.7,80.2,1.13,49.9,48.4,All Good
2026-07-26T11:05:29.894306,339.8,339.1,81.8,1.03,50.4,48.4,All Good
2026-07-26T11:05:34.885787,339.2,340.1,81.9,1.05,50.7,48.6,All Good
2026-07-26T11:05:39.897931,338.8,338.1,81.6,0.96,51.0,47.7,All Good
2026-07-26T11:05:44.893593,339.3,340.3,80.6,0.92,50.5,48.1,All Good
2026-07-26T11:05:49.888812,338.3,336.8,81.1,1.15,50.6,48.5,All Good
2026-07-26T11:05:54.885955,338.2,337.3,81.1,1.12,50.1,48.4,All Good
2026-07-26T11:05:59.884814,340.3,341.7,81.0,1.13,50.6,47.8,All Good
2026-07-26T11:06:04.887111,338.1,336.8,80.4,0.92,50.2,48.4,All Good
2026-07-26T11:06:09.885081,339.1,338.7,81.7,1.11,50.2,48.1,All Good
2026-07-26T11:06:14.890893,337.8,336.7,81.1,0.93,50.6,48.9,All Good
2026-07-26T11:06:30.800292,337.4,336.6,81.8,1.16,50.3,48.3,All Good
2026-07-26T11:06:30.806328,340.2,341.2,81.0,0.93,50.6,48.6,All Good
2026-07-26T11:06:35.508600,339.6,338.3,80.5,1.13,50.2,48.8,All Good
2026-07-26T11:06:40.510128,338.1,337.8,80.3,1.07,50.0,47.9,All Good
2026-07-26T11:06:45.510008,336.9,336.9,81.9,1.09,50.4,47.7,All Good
2026-07-26T11:06:50.510918,338.4,339.5,82.0,1.06,51.0,48.4,All Good
2026-07-26T11:06:55.497892,336.6,338.0,80.1,0.97,50.9,48.8,All Good
2026-07-26T11:07:00.503487,340.1,339.2,80.8,1.03,50.4,48.4,All Good
2026-07-26T11:07:05.511975,336.4,337.9,80.9,0.92,50.0,47.8,All Good
2026-07-26T11:07:10.504305,337.4,337.0,81.5,1.11,50.4,48.4,All Good
2026-07-26T11:07:15.507650,339.4,339.1,81.3,1.02,50.3,48.3,All Good
2026-07-26T11:07:20.511297,339.0,340.4,81.7,1.02,51.0,47.9,All Good
2026-07-26T11:07:25.501815,337.4,337.6,81.1,1.1,49.9,48.5,All Good
2026-07-26T11:07:30.497983,338.2,339.4,80.2,1.09,49.9,48.6,All Good
2026-07-26T11:07:35.500041,336.6,336.8,81.7,1.11,50.8,48.6,All Good
2026-07-26T11:07:40.499947,340.1,340.1,81.6,1.05,50.4,48.0,All Good
2026-07-26T11:07:45.503782,339.4,340.2,81.5,1.09,51.1,47.8,All Good
2026-07-26T11:07:50.498190,338.6,339.6,81.5,1.0,50.9,48.7,All Good
2026-07-26T11:07:55.502342,337.8,339.1,81.3,0.91,50.1,48.5,All Good
2026-07-26T11:08:00.502799,337.3,338.2,80.4,0.95,50.0,47.8,All Good
2026-07-26T11:08:05.499818,338.9,338.1,80.4,1.15,50.7,48.7,All Good
2026-07-26T11:08:10.506727,339.0,339.2,80.9,1.15,49.9,48.8,All Good
2026-07-26T11:08:15.504543,337.3,338.7,81.7,1.11,49.9,47.9,All Good
2026-07-26T11:08:20.505475,337.7,336.6,82.1,1.15,50.5,47.9,All Good
2026-07-26T11:08:25.497167,337.4,336.2,81.7,1.04,50.9,48.8,All Good
2026-07-26T11:08:30.826203,336.6,337.8,80.4,0.93,50.3,47.9,All Good
2026-07-26T11:08:35.499763,337.4,338.3,82.1,1.06,50.7,47.8,All Good
2026-07-26T11:08:40.512041,340.2,339.8,82.1,1.07,50.8,48.2,All Good
2026-07-26T11:08:45.514146,337.5,336.8,80.6,1.03,50.5,47.9,All Good
2026-07-26T11:08:50.499855,339.7,338.4,80.9,1.14,49.9,47.9,All Good
2026-07-26T11:08:55.508220,340.1,340.3,80.7,1.15,50.3,48.3,All Good
2026-07-26T11:09:00.502214,338.7,338.3,81.7,1.07,50.0,48.5,All Good
2026-07-26T11:09:05.497228,338.3,338.7,80.4,0.93,50.9,48.1,All Good
2026-07-26T11:09:10.500696,338.7,339.2,81.6,0.96,50.2,47.7,All Good
2026-07-26T11:09:15.509461,339.2,337.7,81.3,1.01,50.9,47.9,All Good
2026-07-26T11:09:20.498272,338.2,338.1,80.8,1.15,50.5,48.6,All Good
2026-07-26T11:09:25.502875,339.6,339.1,81.5,0.94,50.7,47.8,All Good
2026-07-26T11:09:30.501110,337.1,336.6,81.2,1.07,50.2,47.9,All Good
2026-07-26T11:09:36.332007,339.2,338.2,81.4,1.03,50.4,48.4,All Good
2026-07-26T11:09:41.009558,336.6,337.5,80.1,1.03,51.1,47.8,All Good
2026-07-26T11:09:46.009347,336.9,336.4,81.0,1.03,50.3,48.8,All Good
2026-07-26T11:09:51.012915,338.8,337.8,80.3,0.96,49.9,48.3,All Good
2026-07-26T11:09:56.015410,338.8,339.8,81.3,1.16,51.1,47.8,All Good
2026-07-26T11:10:01.023125,339.0,339.9,81.3,0.93,50.6,47.7,All Good
2026-07-26T11:10:06.008878,337.0,335.9,81.6,0.94,50.1,48.0,All Good
2026-07-26T11:10:11.013444,340.2,339.9,81.5,1.08,50.4,48.4,All Good
2026-07-26T11:10:16.016791,338.1,338.4,80.7,1.14,50.6,48.1,All Good
2026-07-26T11:10:21.332386,338.7,339.0,80.5,0.99,51.0,47.8,All Good
2026-07-26T11:10:26.016549,339.5,338.9,80.6,1.06,51.1,48.1,All Good
2026-07-26T11:10:31.024666,338.3,338.6,80.7,0.92,50.2,48.0,All Good
2026-07-26T11:11:15.333291,336.5,337.8,80.7,0.93,50.6,48.5,All Good
2026-07-26T11:12:15.019934,336.8,337.0,80.7,1.07,49.9,48.5,All Good
2026-07-26T11:13:15.324413,339.6,339.2,80.3,0.93,50.4,48.0,All Good
2026-07-26T11:14:15.017798,339.0,339.8,81.6,1.03,50.1,48.7,All Good
2026-07-26T11:15:15.331704,339.1,338.0,81.4,0.96,49.9,48.4,All Good
2026-07-26T11:16:15.011852,337.0,336.2,81.0,1.05,50.2,47.8,All Good
2026-07-26T11:17:15.316586,339.3,338.4,80.5,1.12,50.5,48.1,All Good
2026-07-26T11:18:15.014059,336.4,336.9,81.5,1.11,50.4,48.0,All Good
2026-07-26T11:18:55.492669,338.0,338.7,80.6,1.08,50.7,48.0,All Good
2026-07-26T11:18:55.498634,336.3,335.7,80.5,1.14,50.7,48.2,All Good
2026-07-26T11:19:01.018089,339.4,340.2,81.5,1.12,50.5,47.7,All Good
2026-07-26T11:19:06.016252,338.8,338.4,80.3,1.03,50.0,47.9,All Good
2026-07-26T11:19:11.021424,340.3,341.5,81.3,0.94,49.9,48.1,All Good
2026-07-26T11:19:16.011938,339.0,339.0,80.4,1.12,50.7,48.7,All Good
2026-07-26T11:19:21.010582,339.9,339.6,80.1,1.01,49.8,48.1,All Good
2026-07-26T11:19:26.015173,338.9,337.7,81.8,1.07,50.9,48.0,All Good
2026-07-26T11:19:31.015516,338.5,337.7,80.8,1.11,50.4,48.6,All Good
2026-07-26T11:19:36.020096,338.0,337.9,80.4,1.15,49.9,48.4,All Good
2026-07-26T11:19:41.018641,339.6,340.8,81.3,1.12,50.4,47.9,All Good
2026-07-26T11:19:46.010164,336.8,336.6,80.2,0.96,50.3,48.8,All Good
2026-07-26T11:19:51.334382,337.7,337.5,82.0,1.11,50.3,48.1,All Good
2026-07-26T11:19:56.887923,340.1,340.4,80.8,0.98,50.7,48.7,All Good
2026-07-26T11:20:01.019464,339.7,340.1,81.3,1.14,50.2,48.4,All Good
2026-07-26T11:20:06.010268,339.4,339.0,82.0,1.05,50.0,48.7,All Good
2026-07-26T11:20:11.323884,338.1,338.0,81.4,0.96,51.1,48.6,All Good
2026-07-26T11:20:16.016722,336.8,336.7,81.7,0.96,50.0,47.9,All Good
2026-07-26T11:20:21.023750,339.8,339.8,80.1,1.07,50.2,48.8,All Good
2026-07-26T11:20:26.017215,340.0,340.9,81.4,1.1,50.4,48.0,All Good
2026-07-26T11:20:31.023176,339.1,339.6,81.0,1.12,50.9,48.2,All Good
2026-07-26T12:20:47.789011,338.5,339.4,81.1,1.16,50.8,48.7,All Good
2026-07-26T12:20:47.793953,338.4,338.6,81.9,1.12,51.0,48.5,All Good
2026-07-26T12:20:52.882673,338.6,337.9,80.3,1.13,50.5,48.7,All Good
2026-07-26T12:20:57.491435,338.3,338.4,81.8,1.07,50.9,48.8,All Good
2026-07-26T12:21:02.491840,338.9,337.7,81.3,0.93,50.1,48.8,All Good
2026-07-26T12:21:07.484238,336.6,337.9,80.7,1.16,50.9,48.9,All Good
2026-07-26T12:21:11.458113,337.1,336.6,81.6,0.94,50.2,48.2,All Good
2026-07-26T12:21:11.460963,336.7,336.4,81.5,0.92,50.4,48.5,All Good
2026-07-26T12:21:12.807429,338.4,339.3,80.8,1.04,50.9,48.3,All Good
2026-07-26T12:21:16.157070,340.3,341.7,82.0,1.13,51.1,48.0,All Good
2026-07-26T12:21:17.476153,339.0,338.9,80.3,0.98,50.7,48.2,All Good
2026-07-26T12:21:21.160010,336.7,335.7,81.9,1.0,51.0,48.6,All Good
2026-07-26T12:21:22.478454,339.5,340.3,81.4,1.0,50.8,48.7,All Good
2026-07-26T12:21:26.163205,338.7,337.2,80.3,0.96,50.7,48.7,All Good
2026-07-26T12:21:27.478572,338.8,339.4,80.5,1.07,50.9,47.8,All Good
2026-07-26T12:21:31.877457,339.5,338.5,82.1,1.02,50.4,48.5,All Good
2026-07-26T12:21:32.484534,340.2,340.6,80.7,1.12,50.2,48.4,All Good
2026-07-26T12:21:36.164895,337.2,338.6,81.8,1.07,50.1,48.0,All Good
2026-07-26T12:21:37.486701,338.0,338.2,80.6,1.1,50.6,48.7,All Good
2026-07-26T12:21:41.153070,340.0,340.2,82.0,0.94,51.1,48.7,All Good
2026-07-26T12:21:42.804548,336.5,335.5,81.2,1.01,50.0,48.3,All Good
2026-07-26T12:21:46.154949,339.6,339.6,80.4,1.01,50.0,48.6,All Good
2026-07-26T12:21:47.489436,339.8,339.9,82.0,1.06,50.6,48.0,All Good
2026-07-26T12:21:51.874472,339.3,338.2,82.0,1.12,50.0,47.9,All Good
2026-07-26T12:21:52.480646,337.4,338.2,81.1,0.94,50.5,48.2,All Good
2026-07-26T12:21:57.188818,337.6,337.7,81.0,1.09,51.0,48.2,All Good
2026-07-26T12:21:57.488398,337.6,338.3,80.9,0.96,50.8,47.8,All Good
2026-07-26T12:22:01.875492,339.2,340.1,80.5,0.96,50.3,48.7,All Good
2026-07-26T12:22:02.481948,337.1,338.1,81.4,1.01,50.2,48.2,All Good
2026-07-26T12:22:06.885018,340.2,340.7,80.7,1.12,50.9,48.1,All Good
2026-07-26T12:22:07.797337,336.7,336.0,80.8,0.94,50.5,48.2,All Good
2026-07-26T12:22:11.885472,339.5,339.5,80.6,1.0,50.6,48.6,All Good
2026-07-26T12:22:12.477315,336.6,336.4,81.9,1.15,49.9,48.5,All Good
2026-07-26T12:22:16.889930,337.8,338.8,81.1,1.11,49.9,48.2,All Good
2026-07-26T12:22:17.486450,339.8,338.7,80.5,0.98,51.0,47.9,All Good
2026-07-26T12:22:21.885477,339.3,340.4,81.7,1.0,50.9,48.7,All Good
2026-07-26T12:22:22.481230,338.6,339.1,80.2,0.97,50.3,48.1,All Good
2026-07-26T12:22:27.209486,337.8,336.8,81.3,0.95,50.1,48.7,All Good
2026-07-26T12:22:27.481326,336.6,335.9,81.0,1.14,50.3,47.7,All Good
2026-07-26T12:22:31.874991,337.6,337.2,80.3,1.03,50.2,48.3,All Good
2026-07-26T12:22:32.480387,339.1,340.0,81.4,1.05,50.6,48.8,All Good
2026-07-26T12:22:36.886569,339.0,337.9,82.0,1.01,51.0,48.3,All Good
2026-07-26T12:22:37.479443,338.8,337.3,81.4,1.08,50.5,48.4,All Good
2026-07-26T12:22:41.875920,339.1,340.2,81.8,1.03,50.0,48.8,All Good
2026-07-26T12:22:42.798146,339.5,340.0,80.9,1.03,50.3,47.7,All Good
2026-07-26T12:22:47.877268,337.2,335.9,81.8,1.04,50.6,48.3,All Good
2026-07-26T12:22:52.884055,339.6,341.0,81.3,1.08,50.8,48.3,All Good
2026-07-26T12:22:53.196947,337.6,337.1,81.2,1.03,51.0,48.7,All Good
2026-07-26T12:22:57.883014,337.0,338.3,80.2,1.13,50.2,48.6,All Good
2026-07-26T12:23:02.877816,337.4,337.5,81.4,1.15,51.0,48.8,All Good
2026-07-26T12:23:08.200360,339.5,339.0,81.2,1.04,50.8,48.3,All Good
2026-07-26T12:23:12.887206,340.0,339.9,80.6,1.08,49.9,48.5,All Good
2026-07-26T12:23:17.882030,336.7,336.4,81.1,1.01,50.0,48.2,All Good
2026-07-26T12:23:22.877504,337.3,337.5,81.0,1.11,50.1,48.2,All Good
2026-07-26T12:23:24.929719,340.2,338.9,81.7,0.98,51.0,48.5,All Good
2026-07-26T12:23:24.931440,336.7,336.1,81.6,0.95,49.8,48.4,All Good
2026-07-26T12:23:30.877158,337.0,336.4,80.6,1.01,50.5,48.4,All Good
2026-07-26T12:23:31.178680,339.5,340.2,81.4,1.04,50.7,48.2,All Good
2026-07-26T12:23:35.882872,338.2,337.0,80.9,0.98,50.0,48.3,All Good
2026-07-26T12:23:36.195788,336.8,337.0,80.3,1.06,50.6,48.9,All Good
2026-07-26T12:23:40.879792,340.0,341.5,80.3,1.02,50.0,48.1,All Good
2026-07-26T12:23:40.880606,336.6,335.5,81.5,0.95,50.3,48.1,All Good
2026-07-26T12:23:45.874582,337.1,336.2,81.2,1.11,50.2,47.8,All Good
2026-07-26T12:23:45.876612,338.9,338.4,80.1,1.06,50.3,48.7,All Good
2026-07-26T12:23:50.888810,339.7,338.5,81.1,1.15,49.9,48.4,All Good
2026-07-26T12:23:50.890718,340.3,340.5,80.9,1.15,50.4,47.8,All Good
2026-07-26T12:23:55.879170,336.8,336.5,81.2,1.14,50.9,47.8,All Good
2026-07-26T12:24:05.888374,339.6,338.8,81.7,0.92,49.8,48.8,All Good
2026-07-26T12:24:09.935600,337.7,337.0,81.7,1.14,50.0,48.2,All Good
2026-07-26T12:24:14.933725,336.5,337.0,81.2,1.03,49.8,47.9,All Good
2026-07-26T12:24:20.886991,336.8,336.3,80.5,0.95,50.0,47.7,All Good
2026-07-26T12:24:24.201160,336.5,337.8,80.8,1.04,50.3,48.6,All Good
2026-07-26T12:24:25.879334,338.7,338.7,80.6,1.01,50.7,47.9,All Good
2026-07-26T12:24:31.203948,339.7,340.7,81.0,1.1,50.6,47.9,All Good
2026-07-26T12:24:34.939414,336.8,337.2,80.6,1.09,50.6,48.8,All Good
2026-07-26T12:24:40.876537,339.2,337.7,81.4,0.96,50.5,47.8,All Good
2026-07-26T12:24:42.902707,338.6,337.7,82.0,0.97,50.3,48.4,All Good
2026-07-26T12:24:42.906875,340.1,340.4,81.9,0.95,50.4,47.8,All Good
2026-07-26T12:24:45.749990,336.5,337.9,81.9,1.14,50.0,48.3,All Good
2026-07-26T12:24:45.752627,337.0,337.2,81.8,1.09,50.7,48.5,All Good
2026-07-26T12:24:46.394307,337.9,339.1,81.0,0.95,50.4,48.5,All Good
2026-07-26T12:24:46.396394,337.1,338.3,80.3,1.06,50.5,48.9,All Good
2026-07-26T12:24:46.599365,336.4,336.3,80.7,0.95,51.0,48.8,All Good
2026-07-26T12:24:46.602239,336.8,337.0,82.1,1.05,49.8,48.5,All Good
2026-07-26T12:24:46.799285,340.1,339.9,82.0,1.14,49.9,48.5,All Good
2026-07-26T12:24:46.801833,339.4,340.6,82.0,0.98,49.8,47.9,All Good
2026-07-26T12:24:47.102570,336.4,335.1,82.1,1.13,50.0,48.7,All Good
2026-07-26T12:24:47.105379,336.5,336.1,80.7,0.98,50.4,48.8,All Good
2026-07-26T12:24:47.660544,338.6,337.5,82.1,0.92,50.5,48.1,All Good
2026-07-26T12:24:47.663544,337.0,336.8,82.0,0.92,51.1,48.8,All Good
2026-07-26T12:24:52.633681,339.0,339.2,81.0,1.12,50.2,48.6,All Good
2026-07-26T12:24:52.888985,336.6,337.4,80.9,1.14,49.9,48.2,All Good
2026-07-26T12:24:57.630212,338.7,338.3,81.1,1.14,50.7,48.6,All Good
2026-07-26T12:25:02.950567,339.4,339.1,81.9,0.98,50.2,48.1,All Good
2026-07-26T12:25:07.637364,338.9,338.1,81.4,1.11,50.0,48.2,All Good
2026-07-26T12:25:12.634167,339.4,340.2,80.5,0.95,50.2,47.8,All Good
2026-07-26T12:25:17.632484,337.4,338.4,82.0,0.94,50.1,48.2,All Good
2026-07-26T12:25:22.637398,338.5,339.7,80.5,1.0,50.7,48.8,All Good
2026-07-26T12:25:27.627234,337.5,338.1,81.3,1.12,50.3,47.9,All Good
2026-07-26T12:25:32.949198,340.0,339.6,80.3,0.99,51.1,48.9,All Good
2026-07-26T12:25:37.622966,336.7,336.0,82.1,1.06,50.4,47.9,All Good
2026-07-26T12:25:42.882395,339.3,340.4,81.2,1.1,50.0,48.4,All Good
2026-07-26T12:25:48.199936,337.6,337.8,80.5,1.14,49.9,48.3,All Good
2026-07-26T12:25:52.885095,337.9,338.2,80.2,1.03,50.9,48.5,All Good
2026-07-26T12:25:53.191518,336.5,335.1,81.6,1.08,50.1,47.8,All Good
2026-07-26T12:25:57.888150,337.1,337.2,80.3,1.03,50.9,48.4,All Good
2026-07-26T12:26:02.886776,336.6,335.6,80.8,0.98,50.5,47.9,All Good
2026-07-26T12:26:07.878245,337.2,336.0,81.4,1.1,50.8,48.4,All Good
2026-07-26T12:26:12.881778,339.8,339.4,81.0,0.92,50.8,47.7,All Good
2026-07-26T12:26:17.883033,339.1,340.0,80.5,1.02,49.9,48.7,All Good
2026-07-26T12:26:22.881142,336.3,335.2,82.0,0.95,49.9,48.0,All Good
2026-07-26T12:26:27.626914,339.3,340.3,81.0,1.1,49.9,48.8,All Good
2026-07-26T12:26:33.187442,338.0,338.9,80.7,1.07,51.0,48.6,All Good
2026-07-26T12:26:37.883979,339.8,340.3,81.1,0.91,50.3,47.7,All Good
2026-07-26T12:26:42.883191,339.2,339.4,81.4,0.99,50.9,48.4,All Good
2026-07-26T12:26:47.637010,339.5,338.4,81.6,1.05,50.8,47.7,All Good
2026-07-26T12:26:52.640196,338.2,336.7,81.1,1.15,49.9,48.8,All Good
2026-07-26T12:26:52.887127,337.7,336.6,80.3,0.91,50.2,47.9,All Good
2026-07-26T12:26:57.636517,340.2,339.6,81.9,0.95,50.2,48.7,All Good
2026-07-26T12:27:02.639349,339.1,338.3,80.5,1.11,50.0,48.5,All Good
2026-07-26T12:27:07.634135,337.6,338.8,80.5,1.04,50.3,48.6,All Good
2026-07-26T12:27:12.624579,340.3,339.3,81.9,1.09,50.1,48.4,All Good
2026-07-26T12:27:17.640757,340.0,340.4,80.3,0.92,50.9,47.7,All Good
2026-07-26T12:27:22.623400,336.8,337.1,80.9,1.09,50.4,48.2,All Good
2026-07-26T12:27:27.948486,337.1,338.2,81.8,0.97,50.2,48.6,All Good
2026-07-26T12:27:32.634428,337.3,336.2,81.2,1.01,50.2,47.8,All Good
2026-07-26T12:27:37.628514,336.9,336.7,81.7,1.12,50.4,48.8,All Good
2026-07-26T12:27:42.635009,338.2,337.9,80.3,0.91,51.1,48.6,All Good
2026-07-26T12:27:47.640554,337.4,336.8,81.2,0.98,49.9,48.5,All Good
2026-07-26T12:27:52.637948,340.0,340.4,81.9,1.08,49.8,48.5,All Good
2026-07-26T12:27:53.186638,339.9,339.8,82.0,1.0,51.0,48.2,All Good
2026-07-26T12:27:57.636599,336.9,335.9,81.4,1.14,50.5,48.4,All Good
2026-07-26T12:28:02.636638,337.5,338.9,80.2,0.97,50.3,48.6,All Good
2026-07-26T12:28:07.631374,337.4,338.6,81.9,1.07,50.2,48.1,All Good
2026-07-26T12:28:13.194884,337.7,338.4,81.2,1.02,49.9,48.2,All Good
2026-07-26T12:28:17.887825,337.3,336.3,80.9,1.12,51.1,48.5,All Good
2026-07-26T12:28:22.875014,338.0,338.1,80.7,1.01,50.5,47.8,All Good
2026-07-26T12:28:27.883815,337.6,337.1,80.6,0.92,49.9,48.7,All Good
2026-07-26T12:28:33.197926,339.9,339.3,81.3,1.1,50.5,47.9,All Good
2026-07-26T12:28:37.880204,337.9,339.3,81.3,0.99,50.3,48.1,All Good
2026-07-26T12:28:42.892215,337.4,337.4,80.6,0.91,50.8,47.9,All Good
2026-07-26T12:28:47.881747,338.7,337.8,81.6,1.11,50.3,48.4,All Good
2026-07-26T12:28:52.888782,338.6,337.7,81.9,1.11,50.2,47.8,All Good
2026-07-26T12:28:53.201072,338.4,339.2,80.8,1.0,49.9,47.8,All Good
2026-07-26T12:28:57.884245,338.1,337.7,80.9,0.98,50.5,48.6,All Good
2026-07-26T12:29:02.883334,338.7,337.8,81.0,0.99,50.7,48.2,All Good
2026-07-26T12:29:07.888887,337.9,339.4,80.3,1.03,50.7,48.7,All Good
2026-07-26T12:29:53.202686,338.0,337.4,81.3,0.97,50.6,48.1,All Good
2026-07-26T12:29:53.204211,339.2,339.0,80.4,1.09,50.4,48.2,All Good
2026-07-26T12:30:14.043388,338.4,336.9,81.0,1.0,50.7,48.7,All Good
2026-07-26T12:30:17.632158,338.1,339.4,81.5,1.13,50.0,48.4,All Good
2026-07-26T12:30:22.635632,336.6,336.2,82.0,1.02,49.9,48.4,All Good
2026-07-26T12:30:27.633648,336.7,335.4,80.7,1.02,50.9,48.2,All Good
2026-07-26T12:30:32.952813,339.0,339.1,81.3,1.03,51.1,48.4,All Good
2026-07-26T12:30:37.633080,338.8,337.3,80.7,1.08,51.1,48.6,All Good
2026-07-26T12:30:42.623451,338.8,337.8,81.8,0.95,49.9,48.5,All Good
2026-07-26T12:30:47.637777,337.5,336.1,80.9,0.94,50.0,47.9,All Good
2026-07-26T12:30:52.626781,336.5,335.8,80.3,1.14,49.9,47.9,All Good
2026-07-26T12:30:52.886000,337.9,339.2,80.5,1.09,50.1,48.1,All Good
2026-07-26T12:30:58.199368,340.0,338.6,81.3,1.06,49.9,48.6,All Good
2026-07-26T12:31:02.880735,339.1,340.3,80.8,1.05,50.4,48.7,All Good
2026-07-26T12:31:07.879001,338.3,337.7,81.1,1.14,51.1,48.8,All Good
2026-07-26T12:31:12.880174,339.7,340.3,81.2,1.08,50.0,48.1,All Good
2026-07-26T12:31:17.887520,336.7,336.3,80.6,1.12,50.0,48.4,All Good
2026-07-26T12:31:22.891440,337.0,336.0,81.5,1.14,50.5,48.2,All Good
2026-07-26T12:31:27.876959,339.2,340.1,80.5,0.92,49.9,48.2,All Good
2026-07-26T12:31:33.183242,337.8,336.5,82.0,0.96,51.0,48.4,All Good
2026-07-26T12:31:37.875560,336.7,336.2,80.4,0.97,51.1,47.8,All Good
2026-07-26T12:31:42.888304,338.8,337.3,82.0,0.97,50.1,48.8,All Good
2026-07-26T12:31:47.889372,338.5,338.2,81.7,1.14,49.9,48.9,All Good
2026-07-26T12:31:52.881139,337.6,337.6,80.3,1.14,51.0,48.6,All Good
2026-07-26T12:31:53.191399,338.8,339.3,81.4,1.0,50.4,48.0,All Good
2026-07-26T12:32:52.884333,337.7,338.8,81.9,1.02,50.8,48.7,All Good
2026-07-26T12:32:53.202920,338.6,338.0,81.3,1.15,50.9,48.4,All Good
2026-07-26T12:33:52.892538,337.9,339.3,80.6,0.91,50.2,48.7,All Good
2026-07-26T12:33:53.201031,336.9,338.3,81.5,1.11,50.5,48.6,All Good
2026-07-26T12:34:52.876896,339.6,338.8,81.6,1.1,50.6,48.6,All Good
2026-07-26T12:34:53.191802,340.0,338.7,80.3,1.07,51.0,48.7,All Good
2026-07-26T12:35:52.883901,338.1,338.3,81.3,0.95,49.8,48.1,All Good
2026-07-26T12:35:53.197923,339.6,339.8,81.4,0.99,50.6,48.7,All Good
2026-07-26T12:36:52.882456,339.3,338.2,80.5,1.15,49.9,48.6,All Good
2026-07-26T12:36:53.190970,337.6,337.2,80.4,1.14,50.1,48.9,All Good
2026-07-26T12:37:52.895375,339.5,340.7,80.8,0.99,50.1,47.9,All Good
2026-07-26T12:37:53.202822,338.8,337.5,80.3,1.1,50.9,47.7,All Good
2026-07-26T12:38:52.878470,338.9,337.6,82.0,1.03,50.1,48.0,All Good
2026-07-26T12:38:53.195231,339.5,338.7,80.2,0.93,50.6,48.8,All Good
2026-07-26T12:39:52.883759,339.7,339.6,81.1,1.06,50.5,47.8,All Good
2026-07-26T12:39:53.183297,340.1,339.9,80.7,0.95,49.8,48.5,All Good
2026-07-26T12:40:52.887383,337.5,337.3,82.0,0.94,50.5,48.6,All Good
2026-07-26T12:40:53.201446,337.8,337.5,82.0,1.04,50.8,47.8,All Good
2026-07-26T12:41:52.890719,340.1,341.4,81.1,0.93,49.9,47.7,All Good
2026-07-26T12:41:53.192745,338.8,337.6,81.6,0.91,49.9,48.2,All Good
2026-07-26T12:42:52.881771,338.1,336.9,82.0,0.94,50.9,48.5,All Good
2026-07-26T12:42:53.195569,337.7,339.1,81.3,1.15,50.4,48.1,All Good
2026-07-26T12:43:52.877338,337.4,337.3,80.2,1.1,49.9,48.3,All Good
2026-07-26T12:43:53.190377,339.7,339.3,80.9,1.15,50.4,48.5,All Good
2026-07-26T12:44:52.877003,338.2,337.7,81.5,1.15,50.5,47.7,All Good
2026-07-26T12:44:53.191896,338.4,337.0,81.6,0.93,50.3,48.2,All Good
2026-07-26T12:45:52.895797,339.5,340.4,81.0,1.05,51.1,48.7,All Good
2026-07-26T12:45:53.201559,337.7,337.1,80.1,0.97,50.9,48.3,All Good
2026-07-26T12:46:52.875131,338.4,337.6,80.7,1.03,50.0,48.8,All Good
2026-07-26T12:46:53.191104,339.3,340.6,81.5,0.94,50.7,48.4,All Good
2026-07-26T12:47:52.883753,336.5,337.0,80.2,1.15,50.6,48.5,All Good
2026-07-26T12:47:53.196976,336.7,337.6,81.6,1.01,51.0,48.2,All Good
2026-07-26T12:48:52.884255,337.7,336.6,80.6,1.14,50.7,47.8,All Good
2026-07-26T12:48:53.200922,339.0,339.3,80.9,0.94,50.8,48.6,All Good
2026-07-26T12:49:52.889014,336.5,337.7,80.7,1.04,50.9,47.8,All Good
2026-07-26T12:49:53.202822,338.4,338.2,81.2,0.92,50.1,47.8,All Good
2026-07-26T12:50:52.884757,338.6,337.2,81.1,1.12,49.9,48.3,All Good
2026-07-26T12:50:53.205663,339.5,340.1,81.8,1.1,50.9,48.6,All Good
2026-07-26T12:51:52.894903,336.8,336.1,81.9,1.11,50.8,48.2,All Good
2026-07-26T12:51:53.188162,339.6,339.2,81.0,1.01,50.2,48.3,All Good
